timeLogged, leftEye.x, leftEye.y, leftEye.z, rightEye.x, rightEye.y, rightEye.z, usedInterpolatedTime, mostRecentObservationTime, resetFilter, sentEyePairCounter, numberOfEyePairs, headPosition.x, headPosition.y, headPosition.z, headDirection.x, headDirection.y, headDirection.z
14377.751308,-4.616409,0.686009,59.379738,1.831527,0.690173,59.214550,14377.766138,14377.711074,0,17473,1,-2.277929,11.878882,67.733727,0.175327,-0.018020,0.022674
14377.752786,-4.616909,0.691271,59.380688,1.831028,0.695435,59.215496,14377.768132,14377.711074,0,17474,1,-2.275198,11.875546,67.733215,0.179778,-0.020678,0.022985
14377.758942,-4.617486,0.696847,59.381538,1.830450,0.701011,59.216351,14377.774124,14377.711074,0,17475,1,-2.266842,11.865317,67.731651,0.193559,-0.028976,0.023939
14377.761884,-4.618161,0.696072,59.369766,1.831093,0.700347,59.223358,14377.777117,14377.727754,0,17476,1,-2.291694,11.769475,67.715607,-0.109374,-0.069838,0.017433
14377.766953,-4.618237,0.695508,59.367622,1.831017,0.699783,59.221214,14377.782112,14377.727754,0,17477,1,-2.286767,11.753679,67.713615,-0.127866,-0.080824,0.017740
14377.769772,-4.618343,0.695049,59.365696,1.830911,0.699324,59.219284,14377.785088,14377.727754,0,17478,1,-2.283786,11.744061,67.712395,-0.139359,-0.087600,0.017922
14377.774785,-4.618504,0.694720,59.363960,1.830751,0.698995,59.217548,14377.790123,14377.727754,0,17479,1,-2.278665,11.727439,67.710304,-0.159611,-0.099457,0.018229
14377.778728,-4.617664,0.684391,59.350254,1.833199,0.688171,59.228004,14377.794084,14377.744435,0,17480,1,-2.349181,12.024664,67.763351,-0.151794,0.160808,0.015692
14377.782704,-4.616048,0.674092,59.348789,1.834815,0.677872,59.226543,14377.798069,14377.744435,0,17481,1,-2.348754,12.021839,67.763290,-0.167210,0.171062,0.016004
14377.786691,-4.614449,0.664012,59.347473,1.836414,0.667792,59.225227,14377.802041,14377.744435,0,17482,1,-2.348351,12.018950,67.763229,-0.183136,0.181695,0.016324
14377.790772,-4.613884,0.672728,59.333584,1.838756,0.677975,59.239624,14377.806134,14377.761115,0,17483,1,-2.350504,11.818101,67.689667,0.161586,0.120099,0.021386
14377.794697,-4.612429,0.681944,59.333813,1.840211,0.687191,59.239849,14377.810076,14377.761115,0,17484,1,-2.350276,11.804709,67.684898,0.172858,0.126476,0.022017
14377.799670,-4.610922,0.691177,59.334019,1.841717,0.696424,59.240055,14377.815046,14377.761115,0,17485,1,-2.350019,11.787370,67.678696,0.187768,0.134866,0.022838
14377.803660,-4.609400,0.700273,59.334202,1.843240,0.705520,59.240238,14377.819048,14377.761115,0,17486,1,-2.349837,11.773035,67.673561,0.200343,0.141906,0.023520
14377.807625,-4.607857,0.709266,59.334366,1.844783,0.714513,59.240406,14377.823007,14377.761115,0,17487,1,-2.349679,11.758524,67.668365,0.213285,0.149121,0.024212
14377.811717,-4.606284,0.718213,59.334515,1.846356,0.723459,59.240555,14377.827054,14377.761115,0,17488,1,-2.349539,11.743361,67.662926,0.227022,0.156751,0.024938
14377.815649,-4.604680,0.727131,59.334652,1.847960,0.732378,59.240688,14377.831031,14377.761115,0,17489,1,-2.349424,11.728123,67.657455,0.241031,0.164504,0.025671
14377.820621,-4.602991,0.736276,59.334770,1.849648,0.741523,59.240810,14377.835982,14377.761115,0,17490,1,-2.349312,11.708700,67.650475,0.259167,0.174503,0.026608
14377.824629,-4.604845,0.735818,59.329720,1.849257,0.740544,59.251209,14377.839996,14377.777796,0,17491,1,-2.455245,11.995990,67.765480,0.168338,-0.135228,0.009363
14377.828572,-4.605879,0.735499,59.332123,1.848223,0.740224,59.253613,14377.843928,14377.777796,0,17492,1,-2.459868,11.997101,67.765427,0.177705,-0.148735,0.009178
14377.832570,-4.606835,0.735555,59.334290,1.847267,0.740281,59.255779,14377.847943,14377.777796,0,17493,1,-2.464702,11.998296,67.765366,0.187604,-0.163019,0.008981
14377.836574,-4.607724,0.735958,59.336239,1.846378,0.740683,59.257729,14377.851932,14377.777796,0,17494,1,-2.469619,11.999545,67.765305,0.197775,-0.177707,0.008775
14377.840538,-4.611196,0.728493,59.328945,1.844886,0.728955,59.266106,14377.855921,14377.794459,0,17495,1,-2.512189,12.217838,67.761063,-0.142423,0.012352,0.004912
14377.845564,-4.613663,0.719425,59.329433,1.842420,0.719887,59.266594,14377.860913,14377.794459,0,17496,1,-2.520924,12.232823,67.759766,-0.160132,0.010406,0.004348
14377.849504,-4.616077,0.710906,59.329872,1.840005,0.711368,59.267033,14377.864886,14377.794459,0,17497,1,-2.528047,12.245085,67.758698,-0.174800,0.008825,0.003884
14377.853552,-4.618456,0.702863,59.330269,1.837626,0.703325,59.267429,14377.868907,14377.794459,0,17498,1,-2.535409,12.257790,67.757607,-0.190157,0.007195,0.003399
14377.857620,-4.619052,0.687144,59.327961,1.838651,0.689282,59.274391,14377.872854,14377.811133,0,17499,1,-2.399436,12.310360,67.779701,0.118905,0.204043,0.001133
14377.861497,-4.618854,0.672739,59.330055,1.838850,0.674877,59.276482,14377.876861,14377.811133,0,17500,1,-2.401114,12.327062,67.780136,0.125063,0.216064,0.000777
14377.866555,-4.618666,0.658460,59.331940,1.839037,0.660598,59.278366,14377.881857,14377.811133,0,17501,1,-2.403262,12.348447,67.780693,0.133063,0.231643,0.000329
14377.870674,-4.618490,0.644514,59.333637,1.839213,0.646652,59.280064,14377.885861,14377.811133,0,17502,1,-2.405027,12.366038,67.781143,0.139732,0.244604,-0.000034
14377.874488,-4.618614,0.636775,59.337891,1.840448,0.640671,59.279976,14377.889816,14377.827806,0,17503,1,-2.423777,12.358856,67.841141,-0.033502,0.065867,-0.005533
14377.878457,-4.618065,0.629791,59.339764,1.840996,0.633687,59.281853,14377.893804,14377.827806,0,17504,1,-2.427037,12.375608,67.844391,-0.038328,0.066828,-0.006372
14377.882461,-4.617521,0.622669,59.341454,1.841540,0.626565,59.283539,14377.897787,14377.827806,0,17505,1,-2.430372,12.392699,67.847702,-0.043299,0.067799,-0.007231
14377.886450,-4.618210,0.639657,59.340260,1.841653,0.644012,59.279011,14377.901804,14377.844480,0,17506,1,-2.306219,12.315373,67.987236,0.059674,0.076347,0.004840
14377.891416,-4.618509,0.656654,59.337685,1.841354,0.661008,59.276436,14377.906788,14377.844480,0,17507,1,-2.303140,12.333930,67.999428,0.061898,0.077601,0.004491
14377.895407,-4.618812,0.673210,59.335369,1.841051,0.677564,59.274120,14377.910776,14377.844480,0,17508,1,-2.300631,12.349141,68.009377,0.063754,0.078598,0.004204
14377.899471,-4.619119,0.689431,59.333282,1.840744,0.693785,59.272034,14377.914791,14377.844480,0,17509,1,-2.298063,12.364784,68.019585,0.065692,0.079597,0.003908
14377.903414,-4.617333,0.690992,59.336681,1.842997,0.694244,59.270924,14377.918794,14377.861154,0,17510,1,-2.351895,11.878104,67.747322,0.246315,-0.011971,0.007134
14377.907332,-4.615341,0.692162,59.337711,1.844990,0.695414,59.271954,14377.922716,14377.861154,0,17511,1,-2.350255,11.869591,67.746597,0.261404,-0.016883,0.007050
14377.912385,-4.613312,0.693564,59.338642,1.847019,0.696817,59.272881,14377.927733,14377.861154,0,17512,1,-2.348097,11.858359,67.745659,0.281467,-0.023433,0.006942
14377.916368,-4.611290,0.695118,59.339474,1.849041,0.698370,59.273716,14377.931726,14377.861154,0,17513,1,-2.346332,11.849152,67.744904,0.298037,-0.028858,0.006856
14377.920362,-4.610656,0.693725,59.343426,1.850672,0.698487,59.274715,14377.935735,14377.877827,0,17514,1,-2.368714,11.935981,67.761314,-0.070652,-0.094260,0.007384
14377.924332,-4.609497,0.693236,59.345654,1.851832,0.697998,59.276943,14377.939675,14377.877827,0,17515,1,-2.367722,11.931710,67.761322,-0.080258,-0.104781,0.007167
14377.928318,-4.608305,0.692883,59.347656,1.853024,0.697645,59.278946,14377.943662,14377.877827,0,17516,1,-2.366689,11.927279,67.761322,-0.090362,-0.115797,0.006939
14377.932339,-4.607077,0.692654,59.349461,1.854251,0.697417,59.280750,14377.947683,14377.877827,0,17517,1,-2.365618,11.922697,67.761322,-0.100945,-0.127283,0.006700
14377.937316,-4.610465,0.693163,59.349331,1.851482,0.697228,59.280949,14377.952697,14377.894501,0,17518,1,-2.361073,11.895495,67.763153,-0.079291,0.158209,0.015842
14377.941257,-4.613472,0.693385,59.349361,1.848474,0.697450,59.280979,14377.956646,14377.894501,0,17519,1,-2.360037,11.887273,67.763023,-0.088549,0.167366,0.016231
14377.945268,-4.616431,0.693664,59.349392,1.845515,0.697729,59.281010,14377.960659,14377.894501,0,17520,1,-2.358962,11.878688,67.762871,-0.098298,0.177038,0.016639
14377.949345,-4.619357,0.693994,59.349415,1.842589,0.698059,59.281033,14377.964645,14377.894501,0,17521,1,-2.357872,11.869935,67.762726,-0.108313,0.187003,0.017056
14377.953336,-4.619071,0.688580,59.346569,1.843710,0.691481,59.282120,14377.968650,14377.911174,0,17522,1,-2.508509,11.722111,67.710014,0.239152,-0.031264,0.016144
14377.957335,-4.618407,0.682830,59.345776,1.844373,0.685731,59.281330,14377.972661,14377.911174,0,17523,1,-2.515678,11.706772,67.707985,0.254190,-0.036552,0.016470
14377.962234,-4.617771,0.677202,59.345062,1.845010,0.680102,59.280617,14377.977599,14377.911174,0,17524,1,-2.524753,11.687400,67.705437,0.273460,-0.043300,0.016884
14377.966252,-4.617165,0.671752,59.344421,1.845616,0.674652,59.279972,14377.981612,14377.911174,0,17525,1,-2.532327,11.671268,67.703316,0.289727,-0.048976,0.017229
14377.970202,-4.615778,0.672189,59.347778,1.848410,0.673937,59.281513,14377.985574,14377.927848,0,17526,1,-2.375508,11.944210,67.763016,0.047869,0.045460,0.022229
14377.974246,-4.613702,0.672016,59.349983,1.850485,0.673765,59.283718,14377.989572,14377.927848,0,17527,1,-2.375314,11.943379,67.761925,0.047255,0.045935,0.022797
14377.978205,-4.611634,0.671813,59.351967,1.852554,0.673562,59.285702,14377.993533,14377.927848,0,17528,1,-2.375119,11.942585,67.760811,0.046599,0.046431,0.023372
14377.982321,-4.609561,0.671581,59.353756,1.854626,0.673329,59.287487,14377.997522,14377.927848,0,17529,1,-2.374919,11.941813,67.759651,0.045891,0.046958,0.023964
14377.987168,-4.613922,0.680601,59.363323,1.851539,0.682427,59.286140,14378.002555,14377.944522,0,17530,1,-2.385661,11.971420,67.787071,-0.116501,0.148512,0.016778
14377.991140,-4.617571,0.689353,59.367023,1.847890,0.691179,59.289841,14378.006526,14377.944522,0,17531,1,-2.386202,11.970071,67.786766,-0.129317,0.156849,0.017146
14377.995325,-4.621167,0.697847,59.370354,1.844294,0.699673,59.293171,14378.010489,14377.944522,0,17532,1,-2.386754,11.968703,67.786446,-0.142582,0.165478,0.017522
14377.999133,-4.625058,0.694472,59.379604,1.841553,0.697803,59.290009,14378.014505,14377.961195,0,17533,1,-2.366634,11.969470,67.799057,0.108215,0.084258,0.009227
14378.003130,-4.628372,0.692017,59.382343,1.838239,0.695347,59.292747,14378.018516,14377.961195,0,17534,1,-2.367010,11.968622,67.799957,0.113665,0.086481,0.009171
14378.008116,-4.631783,0.689683,59.384808,1.834827,0.693013,59.295212,14378.023500,14377.961195,0,17535,1,-2.367507,11.967564,67.801086,0.120750,0.089310,0.009101
14378.012145,-4.635211,0.687479,59.387028,1.831400,0.690809,59.297432,14378.027468,14377.961195,0,17536,1,-2.367927,11.966717,67.801994,0.126642,0.091615,0.009043
14378.016196,-4.637385,0.682649,59.382607,1.829943,0.685697,59.294643,14378.031470,14377.977869,0,17537,1,-2.361963,11.933289,67.848511,0.133168,0.003245,0.009711
14378.020084,-4.639254,0.677819,59.379360,1.828073,0.680867,59.291397,14378.035470,14377.977869,0,17538,1,-2.361833,11.931549,67.851570,0.139787,-0.000687,0.009635
14378.024175,-4.641175,0.673110,59.376438,1.826152,0.676158,59.288475,14378.039404,14377.977869,0,17539,1,-2.361707,11.929827,67.854630,0.146530,-0.004714,0.009558
14378.028219,-4.643154,0.668487,59.373810,1.824174,0.671535,59.285847,14378.043410,14377.977869,0,17540,1,-2.361582,11.928062,67.857788,0.153636,-0.008978,0.009476
14378.032021,-4.643437,0.659745,59.368996,1.824371,0.664823,59.285122,14378.047389,14377.994542,0,17541,1,-2.218683,11.939832,67.734459,-0.015370,0.070051,0.010697
14378.036987,-4.643572,0.651806,59.366505,1.824235,0.656884,59.282631,14378.052369,14377.994542,0,17542,1,-2.210053,11.937927,67.733429,-0.022353,0.071418,0.010549
14378.041188,-4.643771,0.643835,59.364262,1.824037,0.648913,59.280388,14378.056365,14377.994542,0,17543,1,-2.202973,11.936383,67.732590,-0.028209,0.072537,0.010424
14378.045038,-4.644024,0.635800,59.362244,1.823783,0.640878,59.278370,14378.060375,14377.994542,0,17544,1,-2.195725,11.934818,67.731735,-0.034314,0.073679,0.010293
14378.048973,-4.644121,0.640875,59.351830,1.824454,0.642467,59.279621,14378.064337,14378.011216,0,17545,1,-2.377209,11.987952,67.709221,0.006671,-0.041882,0.009003
14378.053979,-4.643878,0.643917,59.347706,1.824697,0.645509,59.275497,14378.069354,14378.011216,0,17546,1,-2.376932,11.991367,67.707245,0.002526,-0.050408,0.008748
14378.057942,-4.643666,0.646694,59.343994,1.824908,0.648285,59.271782,14378.073314,14378.011216,0,17547,1,-2.376708,11.994198,67.705666,-0.000879,-0.057402,0.008538
14378.061993,-4.643479,0.649237,59.340652,1.825096,0.650829,59.268444,14378.077337,14378.011216,0,17548,1,-2.376474,11.997193,67.704033,-0.004459,-0.064745,0.008316
14378.066035,-4.645306,0.656394,59.325787,1.823556,0.656700,59.271988,14378.081320,14378.027890,0,17549,1,-2.201142,12.275956,67.717003,-0.071053,0.030245,0.007991
14378.069919,-4.647004,0.662767,59.320694,1.821859,0.663073,59.266895,14378.085305,14378.027890,0,17550,1,-2.190950,12.291914,67.715950,-0.079126,0.029132,0.007786
14378.074188,-4.648722,0.669049,59.316109,1.820140,0.669355,59.262310,14378.089368,14378.027890,0,17551,1,-2.180302,12.308558,67.714882,-0.087621,0.027963,0.007570
14378.078030,-4.650456,0.675252,59.311981,1.818406,0.675557,59.258183,14378.093270,14378.027890,0,17552,1,-2.169832,12.324896,67.713837,-0.096031,0.026808,0.007356
14378.082914,-4.649899,0.668800,59.305744,1.819713,0.668065,59.261662,14378.098255,14378.044563,0,17553,1,-2.373639,11.960432,67.709953,0.169402,0.108103,-0.000641
14378.086868,-4.649000,0.662004,59.304501,1.820613,0.661269,59.260422,14378.102236,14378.044563,0,17554,1,-2.373979,11.960423,67.709648,0.179892,0.113855,-0.001064
14378.091110,-4.648120,0.655345,59.303383,1.821492,0.654609,59.259304,14378.106240,14378.044563,0,17555,1,-2.374329,11.960415,67.709366,0.190856,0.119886,-0.001493
14378.094902,-4.647253,0.648792,59.302376,1.822360,0.648056,59.258297,14378.110223,14378.044563,0,17556,1,-2.374684,11.960407,67.709099,0.202172,0.126128,-0.001925
14378.098818,-4.647244,0.650704,59.293270,1.823319,0.648321,59.262936,14378.114206,14378.061237,0,17557,1,-2.366160,12.021671,67.695915,0.141023,0.009193,0.007465
14378.103837,-4.646730,0.651669,59.291260,1.823833,0.649286,59.260925,14378.119221,14378.061237,0,17558,1,-2.366225,12.026237,67.694237,0.150895,0.005329,0.007316
14378.107835,-4.646198,0.652528,59.289452,1.824365,0.650145,59.259117,14378.123188,14378.061237,0,17559,1,-2.366279,12.029961,67.692886,0.159032,0.002133,0.007195
14378.111819,-4.646482,0.658202,59.278446,1.824829,0.656526,59.266029,14378.127201,14378.077910,0,17560,1,-2.351689,12.177914,67.715103,-0.131699,0.110347,0.007425
14378.115801,-4.646376,0.664072,59.276604,1.824935,0.662397,59.264191,14378.131186,14378.077910,0,17561,1,-2.350855,12.188911,67.715378,-0.146713,0.115793,0.007323
14378.119814,-4.646253,0.669822,59.274944,1.825057,0.668146,59.262531,14378.135179,14378.077910,0,17562,1,-2.350003,12.200190,67.715675,-0.162356,0.121461,0.007220
14378.124801,-4.646104,0.675603,59.273453,1.825207,0.673927,59.261040,14378.140144,14378.077910,0,17563,1,-2.348921,12.214582,67.716087,-0.182656,0.128809,0.007089
14378.128783,-4.644237,0.683778,59.265404,1.828678,0.681223,59.272846,14378.144153,14378.094584,0,17564,1,-2.357700,12.109872,67.745567,0.071974,0.010008,0.007544
14378.132769,-4.641534,0.691486,59.267094,1.831381,0.688930,59.274536,14378.148139,14378.094584,0,17565,1,-2.357994,12.115395,67.746986,0.075253,0.006756,0.007454
14378.136786,-4.638784,0.699199,59.268616,1.834130,0.696644,59.276058,14378.152133,14378.094584,0,17566,1,-2.358316,12.121018,67.748444,0.078696,0.003358,0.007362
14378.140809,-4.635980,0.706942,59.269985,1.836935,0.704387,59.277428,14378.156099,14378.094584,0,17567,1,-2.358664,12.126693,67.749939,0.082272,-0.000153,0.007269
14378.144725,-4.638179,0.719024,59.262310,1.835802,0.714815,59.281982,14378.160099,14378.111258,0,17568,1,-2.362186,12.093924,67.717369,0.115147,-0.005190,0.010619
14378.149710,-4.639796,0.730591,59.260906,1.834185,0.726382,59.280579,14378.165097,14378.111258,0,17569,1,-2.362281,12.100636,67.718033,0.123287,-0.010290,0.010709
14378.153793,-4.641352,0.742193,59.259640,1.832629,0.737985,59.279312,14378.169086,14378.111258,0,17570,1,-2.362365,12.106111,67.718597,0.130078,-0.014532,0.010783
14378.157796,-4.642857,0.753867,59.258503,1.831124,0.749659,59.278175,14378.173076,14378.111258,0,17571,1,-2.362459,12.111689,67.719177,0.137132,-0.018926,0.010860
14378.161718,-4.644960,0.744766,59.251511,1.829942,0.742178,59.286434,14378.177103,14378.127931,0,17572,1,-2.352445,12.057764,67.717171,0.055847,0.117109,0.005991
14378.165692,-4.646589,0.736963,59.252079,1.828313,0.734374,59.287006,14378.181080,14378.127931,0,17573,1,-2.352161,12.061110,67.717209,0.056448,0.123193,0.005885
14378.169673,-4.648214,0.729577,59.252594,1.826688,0.726988,59.287518,14378.185043,14378.127931,0,17574,1,-2.351880,12.064505,67.717247,0.057049,0.129494,0.005779
14378.174665,-4.646927,0.718022,59.241798,1.829078,0.715736,59.297211,14378.190028,14378.144605,0,17575,1,-2.236042,11.969428,67.729240,0.097007,0.108661,0.013032
14378.178669,-4.645065,0.706922,59.241302,1.830941,0.704636,59.296715,14378.194044,14378.144605,0,17576,1,-2.229493,11.967588,67.730331,0.100747,0.113506,0.013304
14378.182649,-4.643171,0.696059,59.240856,1.832835,0.693773,59.296268,14378.198035,14378.144605,0,17577,1,-2.222841,11.965699,67.731445,0.104584,0.118494,0.013584
14378.186780,-4.641239,0.685372,59.240452,1.834767,0.683086,59.295868,14378.202007,14378.144605,0,17578,1,-2.216077,11.963758,67.732582,0.108520,0.123630,0.013871
14378.190881,-4.639255,0.674783,59.240089,1.836751,0.672497,59.295506,14378.206064,14378.144605,0,17579,1,-2.209022,11.961714,67.733772,0.112661,0.129051,0.014174
14378.194620,-4.638772,0.660163,59.228436,1.837584,0.656882,59.301933,14378.210001,14378.161279,0,17580,1,-2.355394,12.012942,67.717499,-0.053117,-0.062306,0.014806
14378.199574,-4.638033,0.644712,59.226086,1.838324,0.641431,59.299583,14378.214961,14378.161279,0,17581,1,-2.355279,12.011241,67.719650,-0.063814,-0.074292,0.014989
14378.203587,-4.637243,0.629245,59.223969,1.839114,0.625964,59.297466,14378.218976,14378.161279,0,17582,1,-2.355187,12.009784,67.721466,-0.072865,-0.084439,0.015135
14378.207571,-4.636404,0.613715,59.222065,1.839953,0.610433,59.295563,14378.222962,14378.161279,0,17583,1,-2.355097,12.008265,67.723335,-0.082194,-0.094900,0.015278
14378.211563,-4.635515,0.598065,59.220348,1.840842,0.594783,59.293846,14378.226953,14378.161279,0,17584,1,-2.355009,12.006673,67.725273,-0.091883,-0.105768,0.015419
14378.215504,-4.634579,0.582271,59.218807,1.841778,0.578990,59.292305,14378.230891,14378.161279,0,17585,1,-2.354923,12.005033,67.727264,-0.101777,-0.116869,0.015555
14378.220579,-4.633558,0.565804,59.217419,1.842799,0.562523,59.290916,14378.235888,14378.161279,0,17586,1,-2.354815,12.002852,67.729881,-0.114820,-0.131509,0.015726
14378.224533,-4.631323,0.561021,59.214123,1.845671,0.558707,59.294838,14378.239897,14378.178032,0,17587,1,-2.431311,11.937499,67.695831,0.053479,-0.050425,0.023258
14378.228516,-4.628745,0.556095,59.214401,1.848249,0.553780,59.295116,14378.243889,14378.178032,0,17588,1,-2.435207,11.933168,67.695419,0.053965,-0.056855,0.023850
14378.232537,-4.626135,0.550567,59.214653,1.850859,0.548252,59.295368,14378.247902,14378.178032,0,17589,1,-2.439215,11.928703,67.694992,0.054469,-0.063519,0.024456
14378.236510,-4.623489,0.544480,59.214882,1.853505,0.542166,59.295597,14378.251866,14378.178032,0,17590,1,-2.443265,11.924180,67.694565,0.054984,-0.070300,0.025065
14378.240508,-4.623453,0.564716,59.218567,1.854432,0.563177,59.300407,14378.255890,14378.194713,0,17591,1,-2.446278,11.729753,67.692383,0.242408,0.140049,0.018381
14378.245475,-4.622840,0.584442,59.222389,1.855045,0.582903,59.304230,14378.260860,14378.194713,0,17592,1,-2.451802,11.713029,67.691399,0.259988,0.149981,0.019023
14378.249445,-4.622143,0.603173,59.225826,1.855742,0.601634,59.307667,14378.264826,14378.194713,0,17593,1,-2.456323,11.699355,67.690605,0.274551,0.158246,0.019552
14378.253445,-4.621367,0.621054,59.228924,1.856518,0.619515,59.310764,14378.268794,14378.194713,0,17594,1,-2.460946,11.685383,67.689796,0.289595,0.166817,0.020098
14378.257423,-4.623003,0.635643,59.234657,1.855614,0.637545,59.313183,14378.272806,14378.211393,0,17595,1,-2.342352,12.296679,67.709038,-0.275965,0.206515,0.003594
14378.261436,-4.624185,0.651381,59.238327,1.854432,0.653284,59.316853,14378.276823,14378.211393,0,17596,1,-2.341128,12.310745,67.709229,-0.299896,0.217959,0.003288
14378.266427,-4.625305,0.666910,59.241627,1.853312,0.668813,59.320156,14378.281770,14378.211393,0,17597,1,-2.339576,12.328506,67.709480,-0.330512,0.232575,0.002901
14378.270401,-4.624634,0.673736,59.251774,1.855442,0.676453,59.322613,14378.285774,14378.228074,0,17598,1,-2.382700,12.078406,67.923271,-0.014297,-0.031007,-0.004036
14378.274502,-4.623197,0.680911,59.257446,1.856880,0.683628,59.328285,14378.289764,14378.228074,0,17599,1,-2.383534,12.080001,67.930832,-0.017497,-0.037766,-0.004839
14378.278498,-4.621722,0.688057,59.262554,1.858354,0.690775,59.333393,14378.293734,14378.228074,0,17600,1,-2.384378,12.081601,67.938484,-0.020751,-0.044762,-0.005660
14378.282425,-4.620207,0.695212,59.267147,1.859869,0.697929,59.337986,14378.297748,14378.228074,0,17601,1,-2.385247,12.083233,67.946358,-0.024114,-0.052109,-0.006513
14378.286361,-4.621538,0.683349,59.271103,1.859580,0.686198,59.339241,14378.301732,14378.244755,0,17602,1,-2.369637,12.012653,67.794449,0.349221,-0.058912,0.010088
14378.291371,-4.622293,0.671777,59.273449,1.858826,0.674626,59.341587,14378.306745,14378.244755,0,17603,1,-2.369169,12.013414,67.799217,0.380165,-0.069448,0.010143
14378.295422,-4.622997,0.660559,59.275558,1.858121,0.663408,59.343697,14378.310774,14378.244755,0,17604,1,-2.368775,12.014043,67.803131,0.406085,-0.078267,0.010189
14378.299492,-4.623660,0.649652,59.277458,1.857458,0.652501,59.345596,14378.314698,14378.244755,0,17605,1,-2.368376,12.014670,67.806999,0.432226,-0.087156,0.010236
14378.303330,-4.623326,0.645094,59.279663,1.858359,0.648112,59.343311,14378.318709,14378.261435,0,17606,1,-2.354810,12.120258,67.811691,-0.012771,0.128764,0.006085
14378.307296,-4.622711,0.640567,59.279625,1.858975,0.643586,59.343277,14378.322682,14378.261435,0,17607,1,-2.353662,12.128554,67.815826,-0.018157,0.135482,0.005955
14378.312293,-4.622083,0.635838,59.279594,1.859603,0.638856,59.343243,14378.327661,14378.261435,0,17608,1,-2.352182,12.139255,67.821106,-0.025238,0.144265,0.005791
14378.316428,-4.621459,0.631033,59.279564,1.860227,0.634051,59.343212,14378.331652,14378.261435,0,17609,1,-2.350960,12.148076,67.825417,-0.031180,0.151599,0.005659
14378.320293,-4.624342,0.632333,59.280067,1.857167,0.635117,59.333519,14378.335672,14378.278116,0,17610,1,-2.390211,12.055809,67.848373,0.010719,-0.028463,0.002109
14378.324309,-4.627275,0.633333,59.275932,1.854235,0.636118,59.329380,14378.339605,14378.278116,0,17611,1,-2.390864,12.060653,67.853424,0.007278,-0.033755,0.001694
14378.328296,-4.630193,0.634168,59.272209,1.851317,0.636952,59.325657,14378.343653,14378.278116,0,17612,1,-2.391543,12.065767,67.858719,0.003581,-0.039388,0.001254
14378.332269,-4.633107,0.634854,59.268860,1.848403,0.637639,59.322308,14378.347615,14378.278116,0,17613,1,-2.392216,12.070901,67.863976,-0.000191,-0.045083,0.000813
14378.337238,-4.634887,0.636132,59.266205,1.845028,0.639721,59.308323,14378.352617,14378.294796,0,17614,1,-2.371622,12.120997,67.685867,-0.014882,0.111430,0.006156
14378.341327,-4.637523,0.637724,59.258717,1.842392,0.641313,59.300835,14378.356590,14378.294796,0,17615,1,-2.371334,12.128131,67.686066,-0.019160,0.116411,0.006071
14378.345186,-4.640226,0.639246,59.251980,1.839689,0.642834,59.294094,14378.360567,14378.294796,0,17616,1,-2.371036,12.135428,67.686279,-0.023583,0.121576,0.005987
14378.349223,-4.643007,0.640711,59.245914,1.836907,0.644300,59.288029,14378.364583,14378.294796,0,17617,1,-2.370727,12.142956,67.686508,-0.028192,0.126971,0.005903
14378.353220,-4.639501,0.651464,59.240871,1.838358,0.656312,59.274162,14378.368582,14378.311477,0,17618,1,-2.658486,11.981665,67.636658,0.074451,-0.080327,0.008845
14378.357208,-4.637148,0.662540,59.232365,1.840711,0.667389,59.265656,14378.372568,14378.311477,0,17619,1,-2.669928,11.980020,67.635338,0.076643,-0.088953,0.008759
14378.362163,-4.634868,0.673589,59.224705,1.842992,0.678438,59.257996,14378.377525,14378.311477,0,17620,1,-2.684431,11.977917,67.633675,0.079480,-0.100074,0.008647
14378.366167,-4.632675,0.684441,59.217815,1.845184,0.689290,59.251102,14378.381536,14378.311477,0,17621,1,-2.696388,11.976170,67.632324,0.081865,-0.109392,0.008552
14378.370156,-4.629716,0.680856,59.217163,1.845839,0.684211,59.240181,14378.385534,14378.328157,0,17622,1,-2.316443,11.987035,67.581642,0.077567,0.112446,0.015002
14378.374108,-4.627970,0.676798,59.211956,1.847586,0.680154,59.234974,14378.389469,14378.328157,0,17623,1,-2.313129,11.985579,67.578102,0.080291,0.117764,0.015408
14378.378162,-4.626268,0.672977,59.207268,1.849288,0.676333,59.230286,14378.393487,14378.328157,0,17624,1,-2.309661,11.984055,67.574432,0.083184,0.123390,0.015835
14378.382150,-4.624600,0.669361,59.203053,1.850955,0.672717,59.226067,14378.397508,14378.328157,0,17625,1,-2.306107,11.982491,67.570717,0.086189,0.129217,0.016276
14378.387192,-4.618972,0.674189,59.201500,1.853931,0.678584,59.218159,14378.402439,14378.344838,0,17626,1,-2.409615,11.999276,67.516731,0.015149,0.152427,0.019830
14378.391088,-4.614712,0.679503,59.197243,1.858191,0.683898,59.213902,14378.406459,14378.344838,0,17627,1,-2.412056,11.998931,67.510796,0.012418,0.161285,0.020486
14378.395173,-4.610474,0.684803,59.193413,1.862429,0.689198,59.210068,14378.410474,14378.344838,0,17628,1,-2.414543,11.998583,67.504776,0.009579,0.170461,0.021160
14378.399075,-4.606606,0.679944,59.194073,1.864450,0.685476,59.209064,14378.414455,14378.361518,0,17629,1,-2.377396,11.991223,67.284317,0.069403,-0.023740,0.012802
14378.403056,-4.603632,0.675833,59.193920,1.867424,0.681365,59.208912,14378.418441,14378.361518,0,17630,1,-2.377702,11.990206,67.267120,0.071445,-0.030227,0.012912
14378.408053,-4.600538,0.671806,59.193783,1.870518,0.677338,59.208775,14378.423382,14378.361518,0,17631,1,-2.378093,11.988886,67.245377,0.074090,-0.038661,0.013046
14378.412056,-4.597399,0.667900,59.193661,1.873657,0.673431,59.208652,14378.427411,14378.361518,0,17632,1,-2.378420,11.987761,67.227280,0.076341,-0.045863,0.013155
14378.416052,-4.598519,0.669619,59.193111,1.870822,0.673794,59.208832,14378.431434,14378.378199,0,17633,1,-2.416012,11.901967,67.534149,0.023453,0.064403,0.006905
14378.419995,-4.600422,0.670584,59.192947,1.868920,0.674760,59.208664,14378.435371,14378.378199,0,17634,1,-2.418133,11.896002,67.528709,0.021515,0.066090,0.006767
14378.423996,-4.602270,0.671479,59.192799,1.867072,0.675654,59.208515,14378.439358,14378.378199,0,17635,1,-2.420316,11.889795,67.523102,0.019473,0.067868,0.006624
14378.428101,-4.604078,0.672306,59.192665,1.865264,0.676482,59.208382,14378.443333,14378.378199,0,17636,1,-2.422529,11.883440,67.517433,0.017358,0.069711,0.006478
14378.432958,-4.603951,0.696066,59.187965,1.863253,0.699407,59.209068,14378.448337,14378.394880,0,17637,1,-2.350536,11.991775,67.534645,0.092562,0.074683,0.006795
14378.436941,-4.604900,0.718971,59.186161,1.862304,0.722311,59.207264,14378.452326,14378.394880,0,17638,1,-2.348731,11.993086,67.529984,0.096127,0.076363,0.006654
14378.440946,-4.605864,0.741553,59.184536,1.861340,0.744893,59.205639,14378.456323,14378.394880,0,17639,1,-2.346868,11.994477,67.525246,0.099830,0.078088,0.006510
14378.444963,-4.606850,0.763911,59.183075,1.860354,0.767251,59.204178,14378.460311,14378.394880,0,17640,1,-2.344955,11.995945,67.520462,0.103655,0.079851,0.006363
14378.448991,-4.604581,0.757828,59.180840,1.860680,0.759666,59.207619,14378.464328,14378.411560,0,17641,1,-2.531596,11.890352,67.710518,0.103027,-0.041337,-0.003901
14378.452922,-4.603312,0.751544,59.181381,1.861950,0.753382,59.208160,14378.468308,14378.411560,0,17642,1,-2.537709,11.885520,67.718048,0.106762,-0.048017,-0.004558
14378.457947,-4.602039,0.745700,59.181870,1.863222,0.747538,59.208649,14378.473282,14378.411560,0,17643,1,-2.545505,11.879336,67.727821,0.111595,-0.056702,-0.005401
14378.461933,-4.600785,0.740272,59.182312,1.864476,0.742110,59.209091,14378.477296,14378.411560,0,17644,1,-2.551923,11.874228,67.736031,0.115630,-0.063985,-0.006100
14378.465895,-4.598797,0.719351,59.174034,1.863977,0.721344,59.213467,14378.481279,14378.428241,0,17645,1,-2.383693,11.986071,67.749306,-0.058257,0.009072,0.008212
14378.469858,-4.598069,0.699162,59.172279,1.864705,0.701154,59.211712,14378.485238,14378.428241,0,17646,1,-2.383888,11.985797,67.758614,-0.066975,0.006546,0.008137
14378.473913,-4.597355,0.679482,59.170700,1.865419,0.681475,59.210133,14378.489247,14378.428241,0,17647,1,-2.384089,11.985512,67.768333,-0.076140,0.003904,0.008058
14378.478846,-4.595897,0.665753,59.162930,1.864665,0.667641,59.213982,14378.494216,14378.444921,0,17648,1,-2.487341,11.853518,67.775978,0.086393,0.073220,0.014777
14378.482848,-4.595558,0.651990,59.161160,1.865004,0.653878,59.212212,14378.498183,14378.444921,0,17649,1,-2.490814,11.848344,67.786072,0.089336,0.076764,0.015111
14378.486782,-4.595232,0.638180,59.159569,1.865330,0.640068,59.210625,14378.502165,14378.444921,0,17650,1,-2.494354,11.843058,67.796494,0.092404,0.080496,0.015457
14378.490901,-4.594919,0.624265,59.158138,1.865643,0.626153,59.209190,14378.506162,14378.444921,0,17651,1,-2.497959,11.837661,67.807251,0.095595,0.084418,0.015814
14378.494960,-4.593082,0.621922,59.153526,1.866140,0.624935,59.214863,14378.510291,14378.461602,0,17652,1,-2.425685,12.004675,67.794365,0.006498,0.089327,0.017878
14378.498804,-4.591930,0.619803,59.154003,1.867293,0.622815,59.215336,14378.514165,14378.461602,0,17653,1,-2.427524,12.005201,67.804443,0.003716,0.092901,0.018305
14378.503776,-4.590757,0.617208,59.154430,1.868466,0.620221,59.215763,14378.519152,14378.461602,0,17654,1,-2.429942,12.005892,67.817795,0.000013,0.097684,0.018869
14378.507808,-4.589591,0.614310,59.154816,1.869632,0.617322,59.216148,14378.523118,14378.461602,0,17655,1,-2.431906,12.006452,67.828712,-0.003029,0.101635,0.019330
14378.512014,-4.586079,0.640606,59.154358,1.872634,0.643929,59.226147,14378.527185,14378.478282,0,17656,1,-2.349039,12.021150,67.823105,-0.004273,0.085561,0.018442
14378.515829,-4.582809,0.666459,59.158649,1.875905,0.669782,59.230442,14378.531152,14378.478282,0,17657,1,-2.344442,12.023009,67.833862,-0.008285,0.088844,0.018881
14378.519888,-4.579517,0.691846,59.162514,1.879196,0.695169,59.234306,14378.535084,14378.478282,0,17658,1,-2.339748,12.024899,67.844772,-0.012408,0.092214,0.019326
14378.523752,-4.576185,0.716954,59.165993,1.882529,0.720277,59.237785,14378.539104,14378.478282,0,17659,1,-2.334807,12.026878,67.856186,-0.016773,0.095778,0.019791
14378.528732,-4.574039,0.715192,59.166817,1.885484,0.719357,59.249886,14378.544093,14378.494963,0,17660,1,-2.656775,11.985186,67.861847,0.165606,-0.103782,0.016916
14378.532699,-4.571430,0.714225,59.172634,1.888092,0.718389,59.255703,14378.548043,14378.494963,0,17661,1,-2.670738,11.984774,67.872917,0.176000,-0.115972,0.017165
14378.536680,-4.568755,0.713607,59.177868,1.890768,0.717771,59.260937,14378.552059,14378.494963,0,17662,1,-2.685269,11.984345,67.884407,0.187001,-0.128854,0.017421
14378.540737,-4.566010,0.713312,59.182579,1.893512,0.717476,59.265648,14378.556062,14378.494963,0,17663,1,-2.700084,11.983910,67.896103,0.198396,-0.142181,0.017676
14378.544707,-4.567893,0.713619,59.188541,1.893661,0.718087,59.281677,14378.560082,14378.511644,0,17664,1,-2.150231,12.165816,67.906204,-0.058791,0.227321,0.016624
14378.549664,-4.568682,0.714245,59.198437,1.892871,0.718713,59.291576,14378.565052,14378.511644,0,17665,1,-2.133738,12.179605,67.921165,-0.069740,0.246275,0.017128
14378.553633,-4.569408,0.714977,59.207344,1.892146,0.719445,59.300484,14378.569014,14378.511644,0,17666,1,-2.120252,12.190895,67.933357,-0.078854,0.262036,0.017544
14378.557798,-4.570085,0.715808,59.215363,1.891469,0.720276,59.308498,14378.573013,14378.511644,0,17667,1,-2.106338,12.202559,67.945900,-0.088398,0.278531,0.017977
14378.561698,-4.573815,0.714155,59.216404,1.889904,0.718981,59.318653,14378.577022,14378.528324,0,17668,1,-2.425555,11.983018,67.914909,0.097751,0.040981,0.010253
14378.565651,-4.576449,0.712854,59.221439,1.887270,0.717681,59.323689,14378.581009,14378.528324,0,17669,1,-2.425085,11.982311,67.925552,0.102205,0.040020,0.010222
14378.569631,-4.579085,0.711707,59.225971,1.884634,0.716533,59.328224,14378.584957,14378.528324,0,17670,1,-2.424598,11.981597,67.936264,0.106788,0.039011,0.010190
14378.574572,-4.582136,0.709476,59.232311,1.884356,0.714133,59.336571,14378.589936,14378.545005,0,17671,1,-2.456934,11.963072,67.964577,0.112935,-0.138953,-0.000385
14378.578551,-4.583823,0.707218,59.238922,1.882669,0.711875,59.343178,14378.593920,14378.545005,0,17672,1,-2.457803,11.963558,67.976669,0.118692,-0.155455,-0.001153
14378.582578,-4.585545,0.704996,59.244869,1.880947,0.709652,59.349125,14378.597959,14378.545005,0,17673,1,-2.458676,11.964069,67.989143,0.124763,-0.172886,-0.001959
14378.586539,-4.587306,0.702796,59.250221,1.879185,0.707452,59.354481,14378.601925,14378.545005,0,17674,1,-2.459526,11.964589,68.001579,0.130951,-0.190679,-0.002776
14378.590529,-4.589118,0.700600,59.255039,1.877374,0.705257,59.359299,14378.605911,14378.545005,0,17675,1,-2.460372,11.965130,68.014282,0.137401,-0.209247,-0.003624
14378.595540,-4.591048,0.698335,59.259377,1.875444,0.702992,59.363632,14378.610925,14378.545005,0,17676,1,-2.461425,11.965836,68.030548,0.145840,-0.233579,-0.004729
14378.599508,-4.593037,0.696052,59.263279,1.873455,0.700708,59.367535,14378.614894,14378.545005,0,17677,1,-2.462250,11.966415,68.043648,0.152778,-0.253607,-0.005633
14378.603519,-4.595090,0.693737,59.266792,1.871401,0.698394,59.371048,14378.618883,14378.545005,0,17678,1,-2.463072,11.967016,68.057014,0.159978,-0.274416,-0.006568
14378.607494,-4.600457,0.689794,59.265572,1.868167,0.692268,59.368004,14378.622871,14378.561685,0,17679,1,-2.424865,11.841352,68.128159,0.022372,0.158548,0.009354
14378.611503,-4.604811,0.684915,59.263649,1.863814,0.687389,59.366081,14378.626886,14378.561685,0,17680,1,-2.423900,11.834654,68.145096,0.019469,0.168197,0.009336
14378.615440,-4.609222,0.680171,59.261921,1.859402,0.682645,59.364353,14378.630823,14378.561685,0,17681,1,-2.422913,11.827959,68.161980,0.016491,0.178023,0.009321
14378.620636,-4.613851,0.675435,59.260368,1.854774,0.677910,59.362801,14378.635849,14378.561685,0,17682,1,-2.421593,11.819227,68.183922,0.012498,0.191101,0.009304
14378.624465,-4.615229,0.653441,59.260361,1.855671,0.657932,59.362503,14378.639807,14378.578372,0,17683,1,-2.292007,12.057704,68.209839,-0.127297,0.131985,-0.001124
14378.628506,-4.615636,0.632786,59.260223,1.855264,0.637277,59.362366,14378.643802,14378.578372,0,17684,1,-2.284079,12.060500,68.228218,-0.139676,0.138497,-0.001674
14378.632455,-4.616199,0.612353,59.260098,1.854701,0.616844,59.362244,14378.647827,14378.578372,0,17685,1,-2.275887,12.063354,68.247025,-0.152562,0.145284,-0.002239
14378.636478,-4.616904,0.592079,59.259987,1.853996,0.596571,59.362133,14378.651798,14378.578372,0,17686,1,-2.267600,12.066208,68.265862,-0.165690,0.152206,-0.002808
14378.640445,-4.614001,0.612335,59.259056,1.859477,0.618182,59.361668,14378.655812,14378.595060,0,17687,1,-2.396045,11.943677,67.826385,0.079954,0.036192,-0.006776
14378.645418,-4.609913,0.632491,59.258427,1.863565,0.638339,59.361038,14378.660791,14378.595060,0,17688,1,-2.394197,11.942185,67.831184,0.083831,0.034671,-0.007793
14378.649403,-4.605966,0.651736,59.257862,1.867513,0.657584,59.360474,14378.664783,14378.595060,0,17689,1,-2.392688,11.940964,67.835075,0.087082,0.033382,-0.008628
14378.653421,-4.602128,0.670202,59.257355,1.871350,0.676050,59.359966,14378.668773,14378.595060,0,17690,1,-2.391157,11.939720,67.838982,0.090459,0.032031,-0.009481
14378.657361,-4.603270,0.683878,59.255299,1.872373,0.691393,59.360233,14378.672742,14378.611747,0,17691,1,-2.420698,11.992701,67.755867,0.158093,-0.030563,0.001218
14378.661378,-4.603348,0.698013,59.254494,1.872295,0.705528,59.359428,14378.676762,14378.611747,0,17692,1,-2.420706,11.994295,67.755676,0.167234,-0.036294,0.000916
14378.666398,-4.603448,0.712109,59.253769,1.872195,0.719624,59.358707,14378.681687,14378.611747,0,17693,1,-2.420714,11.996300,67.755363,0.178901,-0.043594,0.000540
14378.670535,-4.606616,0.702755,59.258965,1.871546,0.711254,59.357052,14378.685918,14378.628435,0,17694,1,-2.416901,11.986279,67.771515,-0.055032,0.064709,0.003214
14378.674346,-4.608508,0.694388,59.260559,1.869654,0.702886,59.358646,14378.689724,14378.628435,0,17695,1,-2.416812,11.984884,67.771400,-0.062535,0.066281,0.003033
14378.678313,-4.610397,0.686438,59.261993,1.867765,0.694936,59.360081,14378.693683,14378.628435,0,17696,1,-2.416718,11.983380,67.771248,-0.070626,0.067979,0.002843
14378.682346,-4.612293,0.678846,59.263283,1.865869,0.687344,59.361374,14378.697681,14378.628435,0,17697,1,-2.416621,11.981805,67.771034,-0.079094,0.069759,0.002649
14378.686275,-4.614198,0.671568,59.264446,1.863964,0.680067,59.362534,14378.701636,14378.628435,0,17698,1,-2.416524,11.980193,67.770775,-0.087763,0.071584,0.002455
14378.691232,-4.616701,0.662141,59.269238,1.864180,0.671062,59.362667,14378.706618,14378.645122,0,17699,1,-2.375597,12.292835,67.832756,0.008642,0.093588,0.007782
14378.695320,-4.617873,0.653003,59.271454,1.863008,0.661924,59.364883,14378.710632,14378.645122,0,17700,1,-2.373295,12.307960,67.834885,0.006871,0.097231,0.007876
14378.699358,-4.619073,0.643909,59.273449,1.861808,0.652830,59.366879,14378.714610,14378.645122,0,17701,1,-2.370961,12.323270,67.836990,0.005078,0.100970,0.007974
14378.703294,-4.620305,0.634809,59.275246,1.860576,0.643730,59.368675,14378.718656,14378.645122,0,17702,1,-2.368536,12.339168,67.839119,0.003216,0.104903,0.008080
14378.707247,-4.625242,0.643378,59.279797,1.857161,0.652207,59.363033,14378.722629,14378.661810,0,17703,1,-2.384722,12.327812,67.526955,0.282990,-0.020808,0.019238
14378.712227,-4.629511,0.651351,59.279305,1.852892,0.660180,59.362541,14378.727592,14378.661810,0,17704,1,-2.382877,12.346746,67.511108,0.304468,-0.026999,0.019942
14378.716404,-4.633776,0.658776,59.278866,1.848627,0.667605,59.362099,14378.731563,14378.661810,0,17705,1,-2.381370,12.362237,67.498093,0.322304,-0.032150,0.020520
14378.720227,-4.634080,0.676999,59.283531,1.849492,0.685243,59.357849,14378.735595,14378.678497,0,17706,1,-2.413306,12.075916,67.696693,-0.033540,0.181653,0.023504
14378.724172,-4.633879,0.694492,59.283718,1.849693,0.702736,59.358036,14378.739553,14378.678497,0,17707,1,-2.414388,12.079545,67.691322,-0.040159,0.191486,0.024308
14378.728202,-4.633747,0.711652,59.283886,1.849825,0.719896,59.358204,14378.743531,14378.678497,0,17708,1,-2.415524,12.083257,67.685768,-0.047074,0.201710,0.025136
14378.732177,-4.633675,0.728569,59.284035,1.849898,0.736813,59.358356,14378.747515,14378.678497,0,17709,1,-2.416710,12.087035,67.680061,-0.054260,0.212289,0.025987
14378.737138,-4.632527,0.738081,59.295044,1.851284,0.745518,59.351086,14378.752503,14378.695185,0,17710,1,-2.326833,11.969479,67.765251,-0.062705,-0.039155,0.019767
14378.741131,-4.631282,0.747261,59.296726,1.852529,0.754698,59.352768,14378.756509,14378.695185,0,17711,1,-2.322416,11.967741,67.764496,-0.071847,-0.046017,0.020152
14378.745278,-4.630047,0.756531,59.298237,1.853765,0.763968,59.354282,14378.760479,14378.695185,0,17712,1,-2.317933,11.965982,67.763725,-0.081260,-0.053072,0.020536
14378.749162,-4.628809,0.765922,59.299599,1.855002,0.773360,59.355644,14378.764488,14378.695185,0,17713,1,-2.313301,11.964173,67.762901,-0.091117,-0.060449,0.020928
14378.753131,-4.629521,0.745779,59.302628,1.854333,0.753219,59.350277,14378.768512,14378.711872,0,17714,1,-2.396781,11.791237,67.722343,0.178918,-0.094146,0.021181
14378.757158,-4.630200,0.726328,59.301571,1.853655,0.733767,59.349224,14378.772516,14378.711872,0,17715,1,-2.396506,11.780807,67.719246,0.189586,-0.104859,0.021638
14378.762146,-4.630880,0.707103,59.300625,1.852975,0.714543,59.348274,14378.777461,14378.711872,0,17716,1,-2.396163,11.767600,67.715332,0.203328,-0.118625,0.022211
14378.766110,-4.631548,0.688340,59.299770,1.852307,0.695780,59.347420,14378.781474,14378.711872,0,17717,1,-2.395882,11.756626,67.712082,0.214932,-0.130222,0.022683
14378.770078,-4.632177,0.673452,59.300156,1.851328,0.680209,59.340919,14378.785462,14378.728560,0,17718,1,-2.409014,11.889418,67.754051,-0.108120,0.299134,0.018753
14378.774055,-4.632960,0.658420,59.297405,1.850546,0.665177,59.338173,14378.789440,14378.728560,0,17719,1,-2.410001,11.883692,67.753853,-0.120057,0.318814,0.019329
14378.778042,-4.633721,0.643526,59.294933,1.849784,0.650283,59.335697,14378.793391,14378.728560,0,17720,1,-2.411016,11.877871,67.753647,-0.132339,0.339067,0.019918
14378.783044,-4.634743,0.654684,59.294044,1.847198,0.659747,59.327179,14378.798379,14378.745247,0,17721,1,-2.347561,11.851110,67.640823,0.081963,-0.012352,0.016429
14378.787010,-4.636541,0.664498,59.289814,1.845400,0.669560,59.322948,14378.802385,14378.745247,0,17722,1,-2.345578,11.843470,67.634918,0.085368,-0.017835,0.016645
14378.791112,-4.638337,0.673885,59.286003,1.843604,0.678947,59.319141,14378.806380,14378.745247,0,17723,1,-2.343570,11.835668,67.628929,0.088907,-0.023533,0.016862
14378.795013,-4.640136,0.682909,59.282578,1.841806,0.687971,59.315712,14378.810350,14378.745247,0,17724,1,-2.341547,11.827735,67.622871,0.092569,-0.029423,0.017079
14378.799018,-4.636722,0.674685,59.288662,1.844688,0.680445,59.315689,14378.814390,14378.761935,0,17725,1,-2.177430,11.988869,67.764771,0.103326,0.027283,0.008207
14378.802967,-4.633589,0.666960,59.291393,1.847820,0.672721,59.318417,14378.818347,14378.761935,0,17726,1,-2.168540,11.990229,67.765083,0.108336,0.024636,0.007955
14378.807943,-4.630370,0.659179,59.293846,1.851039,0.664940,59.320869,14378.823309,14378.761935,0,17727,1,-2.157159,11.992002,67.765503,0.114901,0.021134,0.007627
14378.811986,-4.627129,0.651482,59.296055,1.854281,0.657243,59.323082,14378.827327,14378.761935,0,17728,1,-2.147757,11.993494,67.765839,0.120446,0.018151,0.007350
14378.815971,-4.627215,0.646659,59.299725,1.852630,0.653828,59.318306,14378.831340,14378.778623,0,17729,1,-2.177860,12.039020,67.769341,-0.099772,0.087113,0.009861
14378.819957,-4.628008,0.642551,59.299229,1.851837,0.649720,59.317810,14378.835339,14378.778623,0,17730,1,-2.169773,12.042136,67.769218,-0.110997,0.090188,0.009676
14378.823949,-4.628732,0.638446,59.298782,1.851113,0.645615,59.317364,14378.839322,14378.778623,0,17731,1,-2.161581,12.045309,67.769081,-0.122591,0.093373,0.009485
14378.827919,-4.629393,0.634341,59.298378,1.850452,0.641510,59.316959,14378.843264,14378.778623,0,17732,1,-2.153338,12.048515,67.768929,-0.134471,0.096647,0.009288
14378.832872,-4.633483,0.637863,59.301041,1.844609,0.646114,59.310116,14378.848240,14378.795310,0,17733,1,-2.303257,11.998119,67.761162,0.106006,-0.072560,0.005750
14378.836940,-4.638408,0.641613,59.299156,1.839684,0.649865,59.308231,14378.852257,14378.795310,0,17734,1,-2.301609,11.999737,67.761169,0.111848,-0.082530,0.005287
14378.840900,-4.643312,0.645088,59.297462,1.834780,0.653340,59.306538,14378.856248,14378.795310,0,17735,1,-2.299971,12.001394,67.761177,0.117894,-0.092811,0.004810
14378.844895,-4.648217,0.648323,59.295937,1.829874,0.656575,59.305012,14378.860237,14378.795310,0,17736,1,-2.298332,12.003103,67.761185,0.124177,-0.103459,0.004318
14378.848876,-4.647786,0.674038,59.297134,1.828156,0.679903,59.293163,14378.864255,14378.811998,0,17737,1,-2.372015,11.981372,67.666130,0.177578,0.055054,0.004626
14378.853848,-4.648518,0.698444,59.292339,1.827425,0.704308,59.288368,14378.869236,14378.811998,0,17738,1,-2.374334,11.983068,67.661507,0.191108,0.056876,0.004246
14378.857826,-4.649300,0.722349,59.288021,1.826643,0.728214,59.284054,14378.873201,14378.811998,0,17739,1,-2.376255,11.984478,67.657768,0.202323,0.058425,0.003939
14378.861833,-4.650129,0.745892,59.284138,1.825814,0.751757,59.280170,14378.877198,14378.811998,0,17740,1,-2.378258,11.985951,67.653923,0.214031,0.060076,0.003624
14378.865796,-4.647204,0.760991,59.282558,1.826936,0.763963,59.273846,14378.881183,14378.828685,0,17741,1,-2.660681,12.156021,67.734039,-0.136183,0.014552,0.000890
14378.869755,-4.645228,0.774960,59.278999,1.828911,0.777933,59.270287,14378.885142,14378.828685,0,17742,1,-2.677374,12.165717,67.733101,-0.150655,0.012965,0.000325
14378.873860,-4.643283,0.789307,59.275799,1.830857,0.792279,59.267086,14378.889159,14378.828685,0,17743,1,-2.694704,12.175797,67.732132,-0.165906,0.011326,-0.000264
14378.878812,-4.641653,0.781223,59.274216,1.830055,0.784380,59.257366,14378.894176,14378.845373,0,17744,1,-2.308313,12.081708,67.696060,-0.033289,0.202238,0.014157
14378.882768,-4.641246,0.773812,59.269131,1.830462,0.776969,59.252281,14378.898137,14378.845373,0,17745,1,-2.308450,12.082852,67.694969,-0.038452,0.215004,0.014480
14378.886784,-4.640841,0.766895,59.264553,1.830866,0.770052,59.247704,14378.902151,14378.845373,0,17746,1,-2.308629,12.083965,67.693848,-0.043858,0.228440,0.014820
14378.890787,-4.640435,0.760403,59.260433,1.831273,0.763560,59.243584,14378.906114,14378.845373,0,17747,1,-2.308846,12.085016,67.692749,-0.049363,0.242191,0.015169
14378.894741,-4.640022,0.754269,59.256725,1.831686,0.757426,59.239876,14378.910100,14378.845373,0,17748,1,-2.309104,12.086025,67.691635,-0.055069,0.256513,0.015534
14378.898997,-4.639056,0.736272,59.256237,1.831174,0.739446,59.236877,14378.914125,14378.862060,0,17749,1,-2.307630,12.211863,67.467735,0.344632,0.076614,0.012453
14378.902710,-4.638820,0.718658,59.254669,1.831409,0.721832,59.235310,14378.918099,14378.862060,0,17750,1,-2.306757,12.219856,67.455276,0.369174,0.078144,0.012652
14378.907719,-4.638566,0.700929,59.253258,1.831664,0.704102,59.233898,14378.923071,14378.862060,0,17751,1,-2.305644,12.230043,67.439331,0.401186,0.080097,0.012912
14378.911700,-4.640096,0.685578,59.249439,1.828790,0.687961,59.228992,14378.927083,14378.878748,0,17752,1,-2.471813,11.766876,67.415520,0.047153,-0.144616,0.005806
14378.915670,-4.642282,0.669919,59.245514,1.826603,0.672302,59.225067,14378.931046,14378.878748,0,17753,1,-2.480993,11.756985,67.401764,0.045903,-0.161197,0.005370
14378.919737,-4.644467,0.654258,59.241978,1.824419,0.656641,59.221535,14378.935057,14378.878748,0,17754,1,-2.490531,11.746757,67.387573,0.044528,-0.178655,0.004911
14378.923679,-4.646655,0.638548,59.238800,1.822231,0.640931,59.218353,14378.939028,14378.878748,0,17755,1,-2.500221,11.736413,67.373268,0.043057,-0.196611,0.004438
14378.928620,-4.648416,0.641597,59.232155,1.819167,0.643365,59.216766,14378.943986,14378.895435,0,17756,1,-2.409424,11.747009,67.400330,-0.055070,0.115039,0.009511
14378.932606,-4.650866,0.643965,59.228447,1.816717,0.645733,59.213058,14378.947979,14378.895435,0,17757,1,-2.414849,11.737191,67.387573,-0.065263,0.121476,0.009496
14378.936674,-4.653360,0.646002,59.225113,1.814223,0.647770,59.209724,14378.951967,14378.895435,0,17758,1,-2.420405,11.727190,67.374626,-0.075900,0.128189,0.009483
14378.940763,-4.655908,0.647744,59.222111,1.811675,0.649512,59.206722,14378.955987,14378.895435,0,17759,1,-2.426143,11.716911,67.361359,-0.087083,0.135242,0.009472
14378.944603,-4.653637,0.659353,59.224556,1.812466,0.659196,59.202839,14378.959971,14378.912123,0,17760,1,-2.353249,12.011047,67.355232,-0.058239,0.055663,0.003754
14378.949588,-4.652112,0.669714,59.223907,1.813991,0.669557,59.202190,14378.964954,14378.912123,0,17761,1,-2.353077,12.011243,67.337875,-0.068384,0.057318,0.003317
14378.953564,-4.650609,0.679696,59.223324,1.815493,0.679540,59.201607,14378.968940,14378.912123,0,17762,1,-2.352922,12.011398,67.323730,-0.076820,0.058720,0.002958
14378.957659,-4.649117,0.689370,59.222801,1.816986,0.689213,59.201080,14378.972950,14378.912123,0,17763,1,-2.352750,12.011556,67.309280,-0.085590,0.060202,0.002589
14378.961581,-4.645324,0.706467,59.230549,1.820327,0.708086,59.202274,14378.976931,14378.928810,0,17764,1,-2.597263,11.745082,67.661110,0.134365,-0.042629,0.000384
14378.965528,-4.641730,0.724265,59.234573,1.823920,0.725883,59.206295,14378.980911,14378.928810,0,17765,1,-2.609991,11.736596,67.660408,0.141936,-0.049618,-0.000046
14378.970564,-4.637982,0.742412,59.238194,1.827669,0.744031,59.209919,14378.985931,14378.928810,0,17766,1,-2.626425,11.725690,67.659531,0.151921,-0.058809,-0.000600
14378.974551,-4.634178,0.760504,59.241455,1.831473,0.762123,59.213177,14378.989897,14378.928810,0,17767,1,-2.639712,11.716913,67.658836,0.160154,-0.066368,-0.001048
14378.978591,-4.634454,0.765179,59.245823,1.831520,0.768460,59.214275,14378.993890,14378.945498,0,17768,1,-2.168600,12.141418,67.699905,0.046228,0.190051,0.011877
14378.982505,-4.634477,0.771001,59.248280,1.831497,0.774282,59.216736,14378.997870,14378.945498,0,17769,1,-2.158528,12.153028,67.700485,0.046937,0.202428,0.012202
14378.986483,-4.634415,0.777135,59.250492,1.831560,0.780416,59.218948,14379.001852,14378.945498,0,17770,1,-2.148210,12.164946,67.701103,0.047698,0.215302,0.012542
14378.990455,-4.634273,0.783582,59.252487,1.831702,0.786863,59.220940,14379.005844,14378.945498,0,17771,1,-2.137624,12.177197,67.701744,0.048512,0.228702,0.012899
14378.995442,-4.634033,0.790581,59.254280,1.831941,0.793862,59.222733,14379.010825,14378.945498,0,17772,1,-2.124076,12.192904,67.702576,0.049600,0.246113,0.013365
14378.999434,-4.633725,0.797872,59.255894,1.832250,0.801153,59.224346,14379.014817,14378.945498,0,17773,1,-2.112944,12.205836,67.703270,0.050530,0.260623,0.013757
14379.003441,-4.633351,0.805454,59.257343,1.832623,0.808736,59.225800,14379.018810,14378.945498,0,17774,1,-2.101571,12.219069,67.703995,0.051511,0.275625,0.014163
14379.007420,-4.635388,0.785350,59.261528,1.829933,0.790037,59.222672,14379.022801,14378.962220,0,17775,1,-2.277791,12.270246,67.892418,-0.086330,0.066776,0.012132
14379.011438,-4.637681,0.766853,59.262005,1.827640,0.771540,59.223148,14379.026823,14378.962220,0,17776,1,-2.274331,12.286961,67.903816,-0.096215,0.067756,0.012284
14379.015413,-4.639918,0.749135,59.262432,1.825402,0.753822,59.223579,14379.030799,14378.962220,0,17777,1,-2.270845,12.303864,67.915359,-0.106334,0.068737,0.012437
14379.020415,-4.642161,0.731786,59.262821,1.823160,0.736473,59.223965,14379.035773,14378.962220,0,17778,1,-2.266392,12.325543,67.930168,-0.119482,0.069982,0.012632
14379.024459,-4.637967,0.727656,59.270447,1.828074,0.731656,59.226734,14379.039789,14378.978914,0,17779,1,-2.305319,11.967981,67.834801,0.285019,-0.034290,0.013917
14379.028387,-4.633466,0.723218,59.275127,1.832575,0.727218,59.231415,14379.043747,14378.978914,0,17780,1,-2.303982,11.969380,67.842720,0.302973,-0.041133,0.014123
14379.032349,-4.628997,0.718790,59.279339,1.837044,0.722789,59.235626,14379.047710,14378.978914,0,17781,1,-2.302630,11.970812,67.850830,0.321585,-0.048250,0.014334
14379.036347,-4.624537,0.714345,59.283127,1.841503,0.718345,59.239414,14379.051698,14378.978914,0,17782,1,-2.301257,11.972282,67.859177,0.340957,-0.055682,0.014549
14379.041305,-4.620106,0.712977,59.290707,1.846725,0.715594,59.240734,14379.056683,14378.995609,0,17783,1,-2.423697,12.043120,68.048431,-0.142636,-0.017481,0.003432
14379.045313,-4.615251,0.710870,59.294712,1.851580,0.713487,59.244740,14379.060694,14378.995609,0,17784,1,-2.428324,12.046839,68.065201,-0.156721,-0.021791,0.003063
14379.049379,-4.610356,0.708711,59.298317,1.856475,0.711329,59.248341,14379.064684,14378.995609,0,17785,1,-2.433043,12.050595,68.082230,-0.171229,-0.026210,0.002685
14379.053363,-4.605401,0.706493,59.301559,1.861430,0.709111,59.251583,14379.068711,14378.995609,0,17786,1,-2.437923,12.054445,68.099762,-0.186374,-0.030804,0.002293
14379.057421,-4.606956,0.698318,59.307701,1.861517,0.701591,59.254780,14379.072697,14379.012303,0,17787,1,-2.424475,12.212877,67.920486,0.042632,0.111085,0.010400
14379.061315,-4.607541,0.690590,59.311901,1.860931,0.693864,59.258980,14379.076686,14379.012303,0,17788,1,-2.429316,12.226921,67.930084,0.042589,0.115927,0.010545
14379.066311,-4.607978,0.682777,59.315681,1.860494,0.686050,59.262760,14379.081653,14379.012303,0,17789,1,-2.435515,12.244889,67.942299,0.042535,0.122198,0.010733
14379.070301,-4.608303,0.675026,59.319084,1.860169,0.678300,59.266163,14379.085659,14379.012303,0,17790,1,-2.440654,12.259769,67.952347,0.042493,0.127451,0.010891
14379.074235,-4.609434,0.678602,59.328274,1.859859,0.683406,59.267159,14379.089595,14379.028998,0,17791,1,-2.071196,11.914890,67.920700,0.190567,0.197664,0.016951
14379.078258,-4.610069,0.682589,59.332859,1.859225,0.687393,59.271740,14379.093615,14379.028998,0,17792,1,-2.057320,11.911399,67.928978,0.201960,0.208403,0.017521
14379.082255,-4.610631,0.686261,59.336983,1.858663,0.691065,59.275867,14379.097588,14379.028998,0,17793,1,-2.043304,11.907832,67.937279,0.213627,0.219373,0.018103
14379.086213,-4.611133,0.689655,59.340694,1.858161,0.694459,59.279579,14379.101579,14379.028998,0,17794,1,-2.028921,11.904135,67.945747,0.225753,0.230750,0.018705
14379.091211,-4.612364,0.696812,59.347916,1.858032,0.701234,59.276653,14379.106587,14379.045692,0,17795,1,-2.343016,11.937200,67.945114,-0.063574,-0.134987,0.007581
14379.095203,-4.612998,0.703422,59.349846,1.857398,0.707844,59.278584,14379.110589,14379.045692,0,17796,1,-2.343772,11.935917,67.954094,-0.072225,-0.149280,0.007325
14379.099176,-4.613597,0.709718,59.351585,1.856799,0.714140,59.280323,14379.114531,14379.045692,0,17797,1,-2.344535,11.934608,67.963074,-0.081067,-0.163870,0.007059
14379.103201,-4.613414,0.717715,59.359463,1.857339,0.722272,59.274769,14379.118575,14379.062387,0,17798,1,-2.436771,11.623097,67.864853,0.167458,-0.000215,0.016354
14379.107147,-4.613051,0.725660,59.360508,1.857702,0.730216,59.275814,14379.122533,14379.062387,0,17799,1,-2.442309,11.605822,67.868423,0.176356,-0.003529,0.016691
14379.112167,-4.612681,0.733720,59.361446,1.858072,0.738276,59.276752,14379.127550,14379.062387,0,17800,1,-2.449512,11.583373,67.872963,0.188080,-0.007878,0.017128
14379.116162,-4.612317,0.741728,59.362293,1.858436,0.746284,59.277599,14379.131522,14379.062387,0,17801,1,-2.455358,11.565167,67.876579,0.197713,-0.011437,0.017484
14379.120153,-4.610638,0.733299,59.369011,1.860438,0.738824,59.270630,14379.135530,14379.079081,0,17802,1,-2.381339,11.677806,67.746826,0.002102,0.171336,0.016896
14379.124126,-4.608814,0.725692,59.368900,1.862262,0.731217,59.270519,14379.139464,14379.079081,0,17803,1,-2.383706,11.663501,67.746124,-0.001808,0.181260,0.017306
14379.128095,-4.606997,0.718362,59.368797,1.864079,0.723887,59.270420,14379.143479,14379.079081,0,17804,1,-2.386170,11.648564,67.745354,-0.005959,0.191775,0.017737
14379.132280,-4.605182,0.711260,59.368706,1.865894,0.716785,59.270329,14379.147505,14379.079081,0,17805,1,-2.388690,11.633243,67.744530,-0.010283,0.202713,0.018181
14379.136112,-4.605293,0.714405,59.369274,1.866252,0.717490,59.260826,14379.151484,14379.095776,0,17806,1,-2.389515,12.128250,67.725830,-0.148809,0.048485,0.009183
14379.141112,-4.605162,0.716151,59.365253,1.866383,0.719235,59.256805,14379.156493,14379.095776,0,17807,1,-2.393000,12.141402,67.723495,-0.167604,0.047961,0.008988
14379.145076,-4.605031,0.717727,59.361633,1.866513,0.720812,59.253189,14379.160431,14379.095776,0,17808,1,-2.395803,12.152040,67.721565,-0.182973,0.047515,0.008827
14379.149114,-4.604905,0.719147,59.358376,1.866640,0.722232,59.249931,14379.164453,14379.095776,0,17809,1,-2.398726,12.163177,67.719543,-0.199208,0.047027,0.008655
14379.153048,-4.601330,0.715809,59.357803,1.870508,0.721230,59.245567,14379.168416,14379.112470,0,17810,1,-2.346160,11.868493,67.496376,0.237888,0.028287,0.015318
14379.157441,-4.597652,0.713708,59.355583,1.874187,0.719129,59.243343,14379.172378,14379.112470,0,17811,1,-2.345743,11.865728,67.482666,0.253330,0.026308,0.015524
14379.161148,-4.594000,0.711665,59.353584,1.877839,0.717086,59.241344,14379.176379,14379.112470,0,17812,1,-2.345296,11.862890,67.468498,0.269515,0.024224,0.015737
14379.166281,-4.590272,0.709628,59.351784,1.881567,0.715049,59.239548,14379.181358,14379.112470,0,17813,1,-2.344705,11.859296,67.450409,0.290487,0.021511,0.016007
14379.170065,-4.587533,0.712123,59.349743,1.883496,0.716609,59.234795,14379.185348,14379.129165,0,17814,1,-2.365158,12.019858,67.622559,0.024022,-0.003429,0.019301
14379.174001,-4.585172,0.714099,59.346684,1.885858,0.718585,59.231735,14379.189358,14379.129165,0,17815,1,-2.365067,12.025025,67.615608,0.022460,-0.007309,0.019663
14379.178000,-4.582783,0.716035,59.343929,1.888247,0.720521,59.228981,14379.193320,14379.129165,0,17816,1,-2.364958,12.030263,67.608589,0.020861,-0.011275,0.020026
14379.182965,-4.582284,0.714983,59.342438,1.887862,0.717809,59.224388,14379.198337,14379.145859,0,17817,1,-2.338121,11.975072,67.662895,-0.040227,0.109383,0.024570
14379.186970,-4.582205,0.713106,59.339695,1.887941,0.715931,59.221645,14379.202355,14379.145859,0,17818,1,-2.336863,11.977387,67.658958,-0.047479,0.114238,0.025194
14379.190925,-4.582112,0.711228,59.337227,1.888034,0.714054,59.219177,14379.206306,14379.145859,0,17819,1,-2.335590,11.979719,67.654999,-0.054894,0.119193,0.025820
14379.195080,-4.582012,0.709341,59.335011,1.888134,0.712166,59.216961,14379.210286,14379.145859,0,17820,1,-2.334272,11.982119,67.650932,-0.062646,0.124363,0.026463
14379.198941,-4.581912,0.707436,59.333012,1.888234,0.710261,59.214962,14379.214288,14379.145859,0,17821,1,-2.332912,11.984586,67.646759,-0.070726,0.129743,0.027123
14379.202921,-4.583256,0.700473,59.327007,1.885975,0.702747,59.210724,14379.218292,14379.162554,0,17822,1,-2.337831,11.927687,67.442818,0.141389,0.086010,0.014298
14379.207899,-4.585098,0.693136,59.322399,1.884133,0.695410,59.206116,14379.223270,14379.162554,0,17823,1,-2.336141,11.925029,67.425446,0.151466,0.089286,0.014467
14379.211928,-4.586947,0.685843,59.318249,1.882284,0.688117,59.201969,14379.227279,14379.162554,0,17824,1,-2.334737,11.922820,67.411125,0.159936,0.092025,0.014607
14379.215859,-4.584263,0.695589,59.311729,1.883486,0.697091,59.199173,14379.231238,14379.179248,0,17825,1,-2.368748,12.084556,67.440842,0.046728,-0.019873,0.012328
14379.219836,-4.582381,0.704699,59.307537,1.885368,0.706201,59.194981,14379.235228,14379.179248,0,17826,1,-2.369992,12.093811,67.428078,0.046362,-0.025938,0.012152
14379.223842,-4.580552,0.713618,59.303764,1.887197,0.715119,59.191208,14379.239226,14379.179248,0,17827,1,-2.371283,12.103328,67.415047,0.045963,-0.032261,0.011965
14379.227884,-4.578769,0.722396,59.300369,1.888981,0.723897,59.187813,14379.243231,14379.179248,0,17828,1,-2.372618,12.113102,67.401741,0.045530,-0.038840,0.011767
14379.232848,-4.574246,0.725554,59.295597,1.892124,0.726308,59.187668,14379.248226,14379.195943,0,17829,1,-2.377951,11.731936,67.471970,0.118617,0.030429,0.008850
14379.236829,-4.570431,0.728321,59.293385,1.895939,0.729074,59.185455,14379.252215,14379.195943,0,17830,1,-2.378448,11.720781,67.462784,0.123654,0.029267,0.008606
14379.240782,-4.566621,0.731078,59.291393,1.899750,0.731831,59.183464,14379.256167,14379.195943,0,17831,1,-2.378944,11.709493,67.453560,0.128808,0.028087,0.008358
14379.244802,-4.562800,0.733835,59.289604,1.903570,0.734589,59.181675,14379.260146,14379.195943,0,17832,1,-2.379448,11.697885,67.444130,0.134163,0.026872,0.008101
14379.248757,-4.561503,0.733155,59.288723,1.903282,0.737536,59.180367,14379.264128,14379.212637,0,17833,1,-2.526931,11.688685,67.433098,0.031337,0.038697,0.010762
14379.253783,-4.560948,0.734479,59.287739,1.903837,0.738860,59.179382,14379.269138,14379.212637,0,17834,1,-2.538151,11.673263,67.420761,0.028447,0.038289,0.010555
14379.257966,-4.560370,0.735924,59.286854,1.904414,0.740305,59.178497,14379.273133,14379.212637,0,17835,1,-2.547330,11.660680,67.410774,0.026014,0.037969,0.010385
14379.261787,-4.559776,0.737485,59.286057,1.905008,0.741866,59.177700,14379.277131,14379.212637,0,17836,1,-2.556721,11.647835,67.400627,0.023464,0.037653,0.010208
14379.265753,-4.560337,0.738256,59.282681,1.903236,0.743218,59.174702,14379.281131,14379.229332,0,17837,1,-2.468824,11.921870,67.608704,-0.098675,0.110657,0.004145
14379.269744,-4.561490,0.739412,59.279812,1.902083,0.744374,59.171837,14379.285129,14379.229332,0,17838,1,-2.474283,11.921611,67.606758,-0.110619,0.115837,0.003727
14379.273718,-4.562641,0.740657,59.277233,1.900932,0.745619,59.169254,14379.289089,14379.229332,0,17839,1,-2.479802,11.921356,67.604851,-0.122888,0.121163,0.003304
14379.278731,-4.563833,0.742042,59.274910,1.899739,0.747004,59.166931,14379.294076,14379.229332,0,17840,1,-2.486915,11.921040,67.602463,-0.138969,0.128151,0.002758
14379.282666,-4.559641,0.733241,59.269550,1.902997,0.740026,59.169586,14379.298038,14379.246026,0,17841,1,-2.559649,11.903130,67.610878,0.080834,-0.008318,0.007741
14379.286636,-4.555971,0.725554,59.268333,1.906668,0.732339,59.168365,14379.302024,14379.246026,0,17842,1,-2.568399,11.900770,67.609047,0.084252,-0.012688,0.007460
14379.290724,-4.552336,0.718017,59.267239,1.910302,0.724801,59.167271,14379.306051,14379.246026,0,17843,1,-2.577412,11.898323,67.607201,0.087868,-0.017268,0.007168
14379.294665,-4.549581,0.716418,59.257786,1.912345,0.725120,59.167809,14379.310036,14379.262721,0,17844,1,-2.606997,11.895257,67.546951,0.165810,-0.026543,0.013542
14379.298652,-4.547176,0.715785,59.253773,1.914750,0.724487,59.163795,14379.314022,14379.262721,0,17845,1,-2.616351,11.893590,67.544373,0.175956,-0.032176,0.013543
14379.303768,-4.544696,0.715141,59.250160,1.917230,0.723843,59.160183,14379.319018,14379.262721,0,17846,1,-2.628302,11.891478,67.541161,0.189244,-0.039526,0.013542
14379.307811,-4.542206,0.714500,59.246910,1.919720,0.723203,59.156933,14379.322986,14379.262721,0,17847,1,-2.637975,11.889782,67.538635,0.200253,-0.045593,0.013541
14379.311628,-4.542240,0.706813,59.244019,1.918626,0.716832,59.156780,14379.327010,14379.279415,0,17848,1,-2.518209,11.945236,67.589027,0.037978,0.120047,0.018648
14379.315615,-4.542815,0.699896,59.242649,1.918051,0.709915,59.155411,14379.330999,14379.279415,0,17849,1,-2.522711,11.949348,67.589157,0.036166,0.127183,0.019005
14379.319681,-4.543410,0.693061,59.241413,1.917456,0.703080,59.154175,14379.334975,14379.279415,0,17850,1,-2.527253,11.953608,67.589355,0.034257,0.134598,0.019372
14379.323601,-4.544034,0.686278,59.240303,1.916832,0.696297,59.153065,14379.338954,14379.279415,0,17851,1,-2.531856,11.958034,67.589615,0.032242,0.142328,0.019751
14379.328600,-4.540975,0.684318,59.243271,1.919119,0.699523,59.154758,14379.343985,14379.296110,0,17852,1,-2.543288,12.087369,67.718948,-0.062401,0.178937,0.020121
14379.332577,-4.538320,0.684771,59.245365,1.921773,0.699976,59.156853,14379.347962,14379.296110,0,17853,1,-2.547800,12.098659,67.723732,-0.071837,0.189430,0.020560
14379.336563,-4.535675,0.685058,59.247253,1.924418,0.700263,59.158741,14379.351946,14379.296110,0,17854,1,-2.552360,12.110286,67.728661,-0.081661,0.200325,0.021012
14379.340560,-4.533033,0.685195,59.248951,1.927060,0.700400,59.160439,14379.355913,14379.296110,0,17855,1,-2.556940,12.122180,67.733688,-0.091814,0.211556,0.021475
14379.344562,-4.533905,0.686422,59.248798,1.924914,0.699957,59.155849,14379.359932,14379.312804,0,17856,1,-2.654286,12.177299,67.680992,0.002810,-0.115356,0.004964
14379.349833,-4.535459,0.686764,59.246662,1.923359,0.700299,59.153713,14379.364898,14379.312804,0,17857,1,-2.666079,12.196364,67.684547,-0.000807,-0.133051,0.004272
14379.352586,-4.536987,0.687069,59.244743,1.921831,0.700604,59.151794,14379.367892,14379.312804,0,17858,1,-2.673308,12.208149,67.686752,-0.003048,-0.144153,0.003840
14379.357667,-4.538593,0.687346,59.243015,1.920226,0.700880,59.150066,14379.372843,14379.312804,0,17859,1,-2.685458,12.228113,67.690506,-0.006853,-0.163228,0.003100
14379.361726,-4.538716,0.699018,59.245094,1.919064,0.714030,59.142548,14379.376857,14379.329499,0,17860,1,-2.432789,12.120869,67.625870,0.130442,-0.006616,0.012242
14379.365574,-4.539428,0.711182,59.242649,1.918352,0.726194,59.140102,14379.380844,14379.329499,0,17861,1,-2.430336,12.132111,67.626427,0.138395,-0.010712,0.012233
14379.369455,-4.540212,0.723165,59.240444,1.917568,0.738178,59.137901,14379.384833,14379.329499,0,17862,1,-2.427755,12.143625,67.627022,0.146697,-0.014961,0.012224
14379.374442,-4.541112,0.735305,59.238464,1.916667,0.750318,59.135918,14379.389822,14379.329499,0,17863,1,-2.424353,12.158400,67.627792,0.157562,-0.020485,0.012214
14379.378452,-4.542091,0.747364,59.236679,1.915688,0.762376,59.134136,14379.393821,14379.329499,0,17864,1,-2.421486,12.170537,67.628448,0.166656,-0.025080,0.012206
14379.382437,-4.543151,0.759386,59.235077,1.914629,0.774398,59.132530,14379.397804,14379.329499,0,17865,1,-2.418506,12.182893,67.629135,0.176058,-0.029806,0.012197
14379.386596,-4.544292,0.771411,59.233631,1.913487,0.786423,59.131084,14379.401767,14379.329499,0,17866,1,-2.415417,12.195451,67.629852,0.185754,-0.034657,0.012190
14379.390401,-4.540636,0.779919,59.234997,1.916315,0.795756,59.127327,14379.405766,14379.346193,0,17867,1,-2.277687,11.912093,67.622238,0.165812,0.317609,0.015959
14379.395510,-4.537463,0.789404,59.233921,1.919488,0.805241,59.126251,14379.410769,14379.346193,0,17868,1,-2.266704,11.911823,67.625069,0.176381,0.343658,0.016438
14379.399610,-4.534391,0.799173,59.232956,1.922560,0.815010,59.125286,14379.414842,14379.346193,0,17869,1,-2.257499,11.911604,67.627449,0.185306,0.365728,0.016847
14379.403400,-4.531413,0.809185,59.232082,1.925538,0.825022,59.124413,14379.418748,14379.346193,0,17870,1,-2.248452,11.911392,67.629822,0.194134,0.387618,0.017256
14379.407400,-4.528834,0.780978,59.232777,1.927918,0.799048,59.124798,14379.422771,14379.362791,0,17871,1,-2.217111,12.231606,67.679787,-0.193681,0.018510,0.006382
14379.411416,-4.526411,0.755121,59.233261,1.930342,0.773191,59.125282,14379.426753,14379.362791,0,17872,1,-2.206014,12.243719,67.682205,-0.211482,0.014919,0.005995
14379.415400,-4.524028,0.730297,59.233700,1.932724,0.748367,59.125717,14379.430782,14379.362791,0,17873,1,-2.194517,12.256198,67.684708,-0.230133,0.011108,0.005590
14379.420346,-4.521632,0.705981,59.234093,1.935120,0.724051,59.126110,14379.435699,14379.362791,0,17874,1,-2.180125,12.271723,67.687828,-0.253759,0.006217,0.005079
14379.424339,-4.526378,0.697079,59.239384,1.929717,0.715953,59.120300,14379.439712,14379.379479,0,17875,1,-2.352337,11.837224,67.588463,0.131526,-0.125257,-0.006245
14379.428299,-4.531374,0.688727,59.239151,1.924722,0.707602,59.120068,14379.443677,14379.379479,0,17876,1,-2.346603,11.832592,67.587929,0.138092,-0.138596,-0.007218
14379.432317,-4.536324,0.680475,59.238945,1.919771,0.699349,59.119858,14379.447696,14379.379479,0,17877,1,-2.340641,11.827782,67.587387,0.144989,-0.152606,-0.008230
14379.436428,-4.541246,0.672300,59.238754,1.914849,0.691174,59.119671,14379.451639,14379.379479,0,17878,1,-2.334646,11.822951,67.586853,0.151992,-0.166828,-0.009248
14379.440271,-4.544133,0.671954,59.243511,1.910791,0.691297,59.111908,14379.455641,14379.396166,0,17879,1,-2.421597,11.892436,67.596909,0.196091,0.054347,0.006860
14379.445262,-4.547781,0.671475,59.242157,1.907143,0.690819,59.110554,14379.460632,14379.396166,0,17880,1,-2.420771,11.890062,67.596085,0.210602,0.055661,0.006688
14379.449259,-4.551505,0.670728,59.240936,1.903419,0.690071,59.109333,14379.464639,14379.396166,0,17881,1,-2.420091,11.888103,67.595428,0.222724,0.056785,0.006551
14379.453267,-4.555311,0.669729,59.239841,1.899613,0.689072,59.108238,14379.468615,14379.396166,0,17882,1,-2.419399,11.886112,67.594765,0.235172,0.057960,0.006417
14379.457295,-4.550463,0.701732,59.242741,1.903267,0.719291,59.105747,14379.472623,14379.412854,0,17883,1,-2.428435,11.999277,67.622833,-0.157879,0.134645,0.003347
14379.461236,-4.546383,0.731987,59.242924,1.907346,0.749546,59.105930,14379.476614,14379.412854,0,17884,1,-2.428310,12.003514,67.624191,-0.173814,0.141530,0.002997
14379.466382,-4.542380,0.762121,59.243092,1.911349,0.779681,59.106094,14379.481548,14379.412854,0,17885,1,-2.428152,12.008882,67.625916,-0.194327,0.150397,0.002556
14379.470209,-4.538491,0.791709,59.243240,1.915239,0.809268,59.106243,14379.485572,14379.412854,0,17886,1,-2.428020,12.013365,67.627357,-0.211722,0.157920,0.002190
14379.474171,-4.536403,0.802535,59.248348,1.916075,0.821497,59.105984,14379.489551,14379.429541,0,17887,1,-2.290186,12.002250,67.673248,0.074250,0.118899,0.014564
14379.478184,-4.534975,0.814332,59.250526,1.917503,0.833295,59.108162,14379.493569,14379.429541,0,17888,1,-2.283452,12.005774,67.676727,0.077152,0.123481,0.014874
14379.482170,-4.533574,0.826400,59.252491,1.918904,0.845362,59.110126,14379.497533,14379.429541,0,17889,1,-2.276683,12.009312,67.680229,0.080140,0.128139,0.015191
14379.486158,-4.532191,0.838758,59.254257,1.920286,0.857720,59.111893,14379.501498,14379.429541,0,17890,1,-2.269789,12.012915,67.683800,0.083254,0.132933,0.015519
14379.491175,-4.533605,0.802226,59.259109,1.917111,0.822646,59.108482,14379.506515,14379.446229,0,17891,1,-2.161952,12.008053,67.687996,0.082622,0.062999,0.028970
14379.495246,-4.535866,0.767835,59.259758,1.914850,0.788256,59.109135,14379.510501,14379.446229,0,17892,1,-2.150804,12.011065,67.691772,0.085907,0.063034,0.029852
14379.499120,-4.538102,0.734638,59.260345,1.912614,0.755058,59.109718,14379.514469,14379.446229,0,17893,1,-2.139507,12.014108,67.695602,0.089304,0.063043,0.030751
14379.503146,-4.539098,0.717654,59.264320,1.910250,0.738440,59.108650,14379.518478,14379.462917,0,17894,1,-2.552991,11.926714,67.663124,0.125592,-0.196702,0.010487
14379.507265,-4.540782,0.701207,59.265625,1.908566,0.721993,59.109955,14379.522442,14379.462917,0,17895,1,-2.558541,11.925550,67.665512,0.131372,-0.215459,0.010307
14379.511099,-4.542480,0.685001,59.266800,1.906868,0.705787,59.111130,14379.526476,14379.462917,0,17896,1,-2.564294,11.924337,67.667999,0.137452,-0.235237,0.010115
14379.516095,-4.544241,0.668613,59.267860,1.905106,0.689400,59.112190,14379.531445,14379.462917,0,17897,1,-2.571522,11.922805,67.671112,0.145214,-0.260542,0.009864
14379.520147,-4.544437,0.678221,59.263874,1.903602,0.697155,59.111053,14379.535466,14379.479604,0,17898,1,-2.371143,12.391586,67.683014,-0.181195,0.081769,0.022139
14379.524048,-4.545317,0.686361,59.261570,1.902722,0.705296,59.108749,14379.539434,14379.479604,0,17899,1,-2.369178,12.411409,67.685692,-0.197943,0.085608,0.022626
14379.528057,-4.546227,0.694031,59.259499,1.901811,0.712966,59.106674,14379.543438,14379.479604,0,17900,1,-2.367151,12.431823,67.688438,-0.215444,0.089668,0.023127
14379.532095,-4.547166,0.701288,59.257629,1.900872,0.720222,59.104809,14379.547400,14379.479604,0,17901,1,-2.365103,12.452421,67.691200,-0.233350,0.093868,0.023634
14379.537037,-4.546371,0.716623,59.257126,1.899938,0.732779,59.103573,14379.552390,14379.496292,0,17902,1,-2.416188,12.289114,67.675301,0.013458,0.303522,0.021008
14379.540992,-4.546476,0.730331,59.256344,1.899833,0.746487,59.102787,14379.556351,14379.496292,0,17903,1,-2.418963,12.302990,67.677383,0.012389,0.323584,0.021644
14379.544966,-4.546613,0.743882,59.255638,1.899696,0.760037,59.102081,14379.560336,14379.496292,0,17904,1,-2.421869,12.317210,67.679512,0.011309,0.344510,0.022305
14379.549043,-4.546779,0.757364,59.255005,1.899530,0.773519,59.101448,14379.564397,14379.496292,0,17905,1,-2.424948,12.331968,67.681702,0.010203,0.366598,0.023001
14379.552980,-4.546268,0.757408,59.259201,1.898804,0.775964,59.098743,14379.568364,14379.512979,0,17906,1,-2.412564,11.990031,67.653267,0.298609,-0.092366,0.012861
14379.556964,-4.546386,0.758965,59.259872,1.898685,0.777520,59.099419,14379.572352,14379.512979,0,17907,1,-2.412873,11.991242,67.654839,0.319674,-0.104196,0.012855
14379.562002,-4.546519,0.760934,59.260479,1.898553,0.779489,59.100021,14379.577331,14379.512979,0,17908,1,-2.413272,11.992762,67.656830,0.347090,-0.119620,0.012843
14379.566047,-4.546656,0.763180,59.261024,1.898416,0.781735,59.100567,14379.581308,14379.512979,0,17909,1,-2.413603,11.993982,67.658455,0.369887,-0.132466,0.012831
14379.570092,-4.547803,0.762222,59.266582,1.896472,0.781555,59.102818,14379.585278,14379.529667,0,17910,1,-2.412326,11.959471,67.709625,-0.029686,0.014547,-0.001116
14379.573989,-4.549336,0.761764,59.270096,1.894939,0.781097,59.106331,14379.589260,14379.529667,0,17911,1,-2.412134,11.957844,67.712616,-0.036201,0.011697,-0.001805
14379.577986,-4.550862,0.761399,59.273258,1.893413,0.780732,59.109493,14379.593255,14379.529667,0,17912,1,-2.411937,11.956135,67.715668,-0.043019,0.008727,-0.002515
14379.582051,-4.552387,0.761111,59.276104,1.891889,0.780444,59.112339,14379.597273,14379.529667,0,17913,1,-2.411734,11.954337,67.718773,-0.050159,0.005629,-0.003248
14379.586928,-4.552056,0.751657,59.285397,1.891206,0.771972,59.111847,14379.602262,14379.546354,0,17914,1,-2.397635,12.058480,67.723740,-0.016170,0.158339,0.003933
14379.591047,-4.552242,0.743037,59.289356,1.891021,0.763351,59.115810,14379.606220,14379.546354,0,17915,1,-2.397226,12.063698,67.726669,-0.020961,0.166912,0.003616
14379.594925,-4.552433,0.734696,59.292923,1.890829,0.755011,59.119373,14379.610214,14379.546354,0,17916,1,-2.396811,12.069086,67.729660,-0.025983,0.175882,0.003292
14379.599044,-4.551257,0.721666,59.303772,1.890844,0.741720,59.115284,14379.614238,14379.563042,0,17917,1,-2.480539,11.653750,67.629852,0.216414,-0.082603,0.003575
14379.602818,-4.550662,0.708850,59.306812,1.891440,0.728904,59.118324,14379.618183,14379.563042,0,17918,1,-2.484916,11.636912,67.628906,0.229576,-0.093228,0.003076
14379.607869,-4.550042,0.696027,59.309551,1.892059,0.716081,59.121059,14379.623206,14379.563042,0,17919,1,-2.490645,11.614905,67.627640,0.247012,-0.107337,0.002420
14379.611911,-4.549413,0.683433,59.312016,1.892689,0.703487,59.123524,14379.627164,14379.563042,0,17920,1,-2.495283,11.597112,67.626602,0.261292,-0.118917,0.001887
14379.615901,-4.548160,0.673202,59.314911,1.893309,0.690747,59.126564,14379.631202,14379.579729,0,17921,1,-2.394398,11.577806,67.635666,0.077942,0.135988,0.015740
14379.619781,-4.547204,0.661661,59.317581,1.894264,0.679205,59.129238,14379.635162,14379.579729,0,17922,1,-2.393996,11.558970,67.635010,0.078879,0.143061,0.016025
14379.623771,-4.546225,0.650016,59.319988,1.895243,0.667560,59.131641,14379.639151,14379.579729,0,17923,1,-2.393587,11.539588,67.634323,0.079807,0.150456,0.016321
14379.627855,-4.545216,0.638238,59.322151,1.896252,0.655783,59.133808,14379.643126,14379.579729,0,17924,1,-2.393175,11.519859,67.633614,0.080716,0.158098,0.016626
14379.632772,-4.546504,0.644512,59.326229,1.895209,0.661509,59.138912,14379.648132,14379.596417,0,17925,1,-2.393581,11.639627,67.636627,-0.090359,0.103217,0.006561
14379.636773,-4.547618,0.649975,59.330364,1.894095,0.666972,59.143044,14379.652122,14379.596417,0,17926,1,-2.393090,11.625433,67.636055,-0.102989,0.107501,0.006327
14379.640820,-4.548688,0.654965,59.334080,1.893025,0.671962,59.146763,14379.656084,14379.596417,0,17927,1,-2.392594,11.611061,67.635468,-0.116042,0.111913,0.006090
14379.644813,-4.549722,0.659539,59.337429,1.891992,0.676536,59.150112,14379.660104,14379.596417,0,17928,1,-2.392083,11.596195,67.634850,-0.129809,0.116551,0.005845
14379.648726,-4.554133,0.671986,59.341022,1.887614,0.688318,59.150578,14379.664088,14379.613104,0,17929,1,-2.413079,11.794662,67.694328,0.013786,-0.105724,0.006882
14379.653693,-4.558610,0.684111,59.342846,1.883137,0.700443,59.152405,14379.669072,14379.613104,0,17930,1,-2.412114,11.786021,67.694962,0.010504,-0.121940,0.006480
14379.657695,-4.563080,0.696061,59.344490,1.878667,0.712393,59.154049,14379.673068,14379.613104,0,17931,1,-2.411297,11.778943,67.695457,0.007785,-0.135510,0.006143
14379.661702,-4.567560,0.707902,59.345970,1.874187,0.724234,59.155529,14379.677058,14379.613104,0,17932,1,-2.410441,11.771742,67.695946,0.004991,-0.149565,0.005795
14379.665683,-4.568232,0.707278,59.345108,1.873683,0.722138,59.153225,14379.681060,14379.629792,0,17933,1,-2.393028,11.828431,67.654381,0.070371,0.076299,0.018586
14379.669664,-4.568885,0.706112,59.343685,1.873030,0.720972,59.151802,14379.685048,14379.629792,0,17934,1,-2.390953,11.823521,67.654579,0.072569,0.079463,0.019107
14379.673989,-4.569609,0.705131,59.342403,1.872306,0.719991,59.150520,14379.689350,14379.629792,0,17935,1,-2.388637,11.818128,67.654800,0.075059,0.083045,0.019688
14379.677709,-4.570380,0.704313,59.341248,1.871535,0.719173,59.149368,14379.693055,14379.629792,0,17936,1,-2.386577,11.813400,67.654999,0.077303,0.086273,0.020204
14379.682639,-4.569584,0.710570,59.345890,1.873326,0.721569,59.147572,14379.697998,14379.646479,0,17937,1,-2.648317,11.976796,67.669746,0.124021,0.049407,0.012230
14379.686616,-4.568320,0.714849,59.347168,1.874589,0.725848,59.148853,14379.701987,14379.646479,0,17938,1,-2.662102,11.983604,67.670593,0.129992,0.050377,0.012345
14379.690644,-4.567074,0.719100,59.348320,1.875836,0.730099,59.150005,14379.705978,14379.646479,0,17939,1,-2.676246,11.990686,67.671455,0.136196,0.051406,0.012464
14379.694661,-4.566060,0.731078,59.358940,1.878475,0.740633,59.152721,14379.709993,14379.663167,0,17940,1,-2.386784,12.098840,67.673096,-0.018788,0.143863,0.011380
14379.698597,-4.564224,0.742273,59.364941,1.880311,0.751828,59.158722,14379.713976,14379.663167,0,17941,1,-2.384727,12.111692,67.673767,-0.024647,0.151775,0.011547
14379.703558,-4.562315,0.753731,59.370342,1.882220,0.763286,59.164124,14379.718940,14379.663167,0,17942,1,-2.382097,12.128247,67.674614,-0.032278,0.162053,0.011766
14379.707682,-4.560379,0.765194,59.375202,1.884156,0.774749,59.168983,14379.722909,14379.663167,0,17943,1,-2.379943,12.141909,67.675308,-0.038639,0.170602,0.011950
14379.711581,-4.558720,0.764209,59.383011,1.887811,0.775918,59.171944,14379.726959,14379.679854,0,17944,1,-2.118818,12.240430,67.930496,-0.060807,0.151003,0.016155
14379.715546,-4.556003,0.764669,59.387856,1.890528,0.776378,59.176788,14379.730934,14379.679854,0,17945,1,-2.104977,12.258533,67.940193,-0.069249,0.158483,0.016419
14379.719614,-4.553219,0.765468,59.392216,1.893312,0.777176,59.181149,14379.734868,14379.679854,0,17946,1,-2.090985,12.276886,67.949951,-0.077904,0.166133,0.016686
14379.723761,-4.550342,0.766599,59.396137,1.896189,0.778307,59.185070,14379.738978,14379.679854,0,17947,1,-2.076052,12.296531,67.960312,-0.087267,0.174391,0.016972
14379.727510,-4.547385,0.768020,59.399670,1.899146,0.779728,59.188602,14379.742877,14379.679854,0,17948,1,-2.061590,12.315607,67.970299,-0.096450,0.182474,0.017249
14379.732505,-4.551301,0.769404,59.401306,1.897675,0.780524,59.192863,14379.747866,14379.696542,0,17949,1,-2.351361,12.005814,67.980743,0.178177,-0.090884,0.009206
14379.736495,-4.553884,0.770640,59.403961,1.895092,0.781760,59.195518,14379.751856,14379.696542,0,17950,1,-2.348721,12.011889,67.991425,0.189767,-0.103727,0.008976
14379.740665,-4.556377,0.772008,59.406349,1.892598,0.783127,59.197910,14379.755848,14379.696542,0,17951,1,-2.346032,12.018135,68.002289,0.201834,-0.117108,0.008734
14379.744452,-4.559181,0.760121,59.401375,1.893301,0.770139,59.210266,14379.759830,14379.713229,0,17952,1,-2.109469,12.135414,67.883331,0.034171,0.098096,0.013312
14379.749448,-4.560201,0.747721,59.404697,1.892280,0.757739,59.213589,14379.764834,14379.713229,0,17953,1,-2.092069,12.150811,67.890793,0.033293,0.102221,0.013412
14379.753443,-4.561185,0.735543,59.407688,1.891296,0.745561,59.216579,14379.768828,14379.713229,0,17954,1,-2.077853,12.163443,67.896843,0.032566,0.105647,0.013494
14379.757473,-4.562140,0.723520,59.410381,1.890342,0.733538,59.219273,14379.772815,14379.713229,0,17955,1,-2.063368,12.176355,67.902939,0.031816,0.109185,0.013577
14379.761464,-4.563932,0.720830,59.401417,1.891559,0.727625,59.227375,14379.776822,14379.729917,0,17956,1,-2.342333,11.943805,67.786530,0.035461,0.010408,0.018002
14379.765436,-4.564189,0.716461,59.401031,1.891302,0.723256,59.226990,14379.780801,14379.729917,0,17957,1,-2.339529,11.943458,67.789520,0.034259,0.006935,0.018292
14379.769407,-4.564416,0.712008,59.400684,1.891074,0.718803,59.226643,14379.784793,14379.729917,0,17958,1,-2.336660,11.943058,67.792542,0.032987,0.003325,0.018587
14379.774601,-4.564617,0.707322,59.400375,1.890874,0.714117,59.226334,14379.789754,14379.729917,0,17959,1,-2.333014,11.942489,67.796349,0.031316,-0.001335,0.018961
14379.778401,-4.564792,0.702531,59.400093,1.890699,0.709326,59.226051,14379.793764,14379.729917,0,17960,1,-2.330003,11.941970,67.799461,0.029892,-0.005243,0.019270
14379.782370,-4.564945,0.697631,59.399841,1.890546,0.704426,59.225800,14379.797732,14379.729917,0,17961,1,-2.326967,11.941405,67.802567,0.028417,-0.009233,0.019580
14379.786397,-4.565077,0.692605,59.399612,1.890414,0.699400,59.225571,14379.801734,14379.729917,0,17962,1,-2.323848,11.940784,67.805733,0.026865,-0.013383,0.019897
14379.790372,-4.565190,0.687446,59.399406,1.890301,0.694241,59.225365,14379.805717,14379.729917,0,17963,1,-2.320687,11.940115,67.808914,0.025255,-0.017638,0.020218
14379.795362,-4.567678,0.696029,59.387802,1.890862,0.702585,59.234474,14379.810702,14379.746556,0,17964,1,-2.384902,11.940262,67.815353,0.058181,-0.093729,0.016734
14379.799434,-4.568630,0.703968,59.386677,1.889911,0.710525,59.233353,14379.814700,14379.746556,0,17965,1,-2.384624,11.938844,67.819519,0.059461,-0.103869,0.016867
14379.803338,-4.569573,0.711446,59.385666,1.888968,0.718003,59.232342,14379.818681,14379.746556,0,17966,1,-2.384347,11.937361,67.823723,0.060789,-0.114296,0.016999
14379.807316,-4.570513,0.718521,59.384758,1.888028,0.725078,59.231430,14379.822666,14379.746556,0,17967,1,-2.384071,11.935808,67.827980,0.062171,-0.125059,0.017130
14379.811304,-4.573708,0.704082,59.378014,1.887598,0.707771,59.237232,14379.826655,14379.763237,0,17968,1,-2.403633,11.964518,67.828514,-0.033720,0.091306,0.012102
14379.815282,-4.575498,0.688526,59.377590,1.885808,0.692214,59.236805,14379.830665,14379.763237,0,17969,1,-2.403702,11.964305,67.832733,-0.039370,0.095787,0.012147
14379.820296,-4.577314,0.672888,59.377209,1.883991,0.676576,59.236423,14379.835637,14379.763237,0,17970,1,-2.403787,11.963991,67.838051,-0.046645,0.101625,0.012205
14379.824371,-4.578145,0.679146,59.373238,1.885616,0.683544,59.236748,14379.839638,14379.779917,0,17971,1,-2.387250,11.981604,67.694328,0.085719,0.183228,0.006745
14379.828277,-4.577787,0.685388,59.371597,1.885974,0.689786,59.235107,14379.843608,14379.779917,0,17972,1,-2.387308,11.982542,67.690674,0.089392,0.193308,0.006592
14379.832273,-4.577465,0.691316,59.370121,1.886296,0.695715,59.233631,14379.847612,14379.779917,0,17973,1,-2.387375,11.983488,67.686874,0.093245,0.203836,0.006438
14379.836277,-4.577173,0.696979,59.368793,1.886587,0.701377,59.232304,14379.851599,14379.779917,0,17974,1,-2.387451,11.984430,67.682999,0.097228,0.214675,0.006285
14379.840208,-4.575884,0.698194,59.361156,1.889580,0.705032,59.228352,14379.855587,14379.796598,0,17975,1,-2.438309,12.036135,67.587494,-0.002193,0.022275,0.006601
14379.845213,-4.573730,0.700444,59.355942,1.891734,0.707282,59.223137,14379.860584,14379.796598,0,17976,1,-2.442067,12.039980,67.576385,-0.005975,0.019555,0.006238
14379.849166,-4.571599,0.702519,59.351250,1.893864,0.709357,59.218445,14379.864546,14379.796598,0,17977,1,-2.445133,12.043074,67.567352,-0.009084,0.017305,0.005942
14379.853182,-4.569481,0.704440,59.347027,1.895983,0.711278,59.214222,14379.868541,14379.796598,0,17978,1,-2.448302,12.046231,67.558052,-0.012315,0.014952,0.005635
14379.857182,-4.567232,0.717360,59.343212,1.900385,0.723681,59.214485,14379.872566,14379.813279,0,17979,1,-2.449574,11.994030,67.572586,0.102054,0.046387,0.008146
14379.861171,-4.563923,0.729702,59.341614,1.903694,0.736023,59.212887,14379.876545,14379.813279,0,17980,1,-2.454722,11.994890,67.563950,0.106659,0.045441,0.007962
14379.866229,-4.560531,0.742044,59.340176,1.907086,0.748365,59.211449,14379.881512,14379.813279,0,17981,1,-2.461335,11.995960,67.552933,0.112637,0.044181,0.007726
14379.870154,-4.557133,0.754184,59.338882,1.910484,0.760506,59.210155,14379.885502,14379.813279,0,17982,1,-2.466799,11.996817,67.543877,0.117624,0.043105,0.007531
14379.874114,-4.556959,0.756059,59.336689,1.912652,0.761905,59.210514,14379.889494,14379.829959,0,17983,1,-2.295405,12.063255,67.484276,-0.003605,0.165463,0.018413
14379.878109,-4.555714,0.757976,59.335865,1.913897,0.763822,59.209690,14379.893496,14379.829959,0,17984,1,-2.291939,12.065836,67.472679,-0.006691,0.173628,0.018746
14379.882253,-4.554399,0.760156,59.335121,1.915212,0.766002,59.208946,14379.897441,14379.829959,0,17985,1,-2.288470,12.068391,67.461029,-0.009832,0.181947,0.019084
14379.886119,-4.553009,0.762602,59.334454,1.916601,0.768448,59.208279,14379.901486,14379.829959,0,17986,1,-2.284858,12.071021,67.448845,-0.013157,0.190758,0.019439
14379.891060,-4.553112,0.730938,59.330360,1.918138,0.739386,59.214348,14379.906442,14379.846640,0,17987,1,-2.316376,12.053874,67.690056,-0.001339,-0.092243,0.008425
14379.895066,-4.552338,0.701478,59.331249,1.918912,0.709927,59.215237,14379.910454,14379.846640,0,17988,1,-2.313283,12.056270,67.686996,-0.004317,-0.103767,0.008074
14379.899092,-4.551512,0.672760,59.332050,1.919738,0.681209,59.216034,14379.914450,14379.846640,0,17989,1,-2.310139,12.058677,67.683868,-0.007386,-0.115672,0.007711
14379.903055,-4.549435,0.682573,59.323643,1.922146,0.692297,59.219929,14379.918434,14379.863320,0,17990,1,-2.353370,11.995216,67.691956,0.153910,-0.026056,0.020560
14379.907044,-4.547147,0.692559,59.321613,1.924435,0.702283,59.217899,14379.922424,14379.863320,0,17991,1,-2.350503,11.995667,67.690460,0.163015,-0.031562,0.020986
14379.912039,-4.544739,0.702304,59.319786,1.926843,0.712028,59.216072,14379.927388,14379.863320,0,17992,1,-2.346813,11.996236,67.688591,0.174816,-0.038661,0.021531
14379.916196,-4.542284,0.711706,59.318142,1.929297,0.721430,59.214428,14379.931357,14379.863320,0,17993,1,-2.343763,11.996698,67.687080,0.184632,-0.044538,0.021977
14379.919964,-4.545259,0.704047,59.315018,1.926472,0.714999,59.214573,14379.935335,14379.880001,0,17994,1,-2.400022,11.833245,67.638443,0.146420,0.090053,0.022587
14379.923958,-4.548075,0.697272,59.313675,1.923656,0.708224,59.213234,14379.939348,14379.880001,0,17995,1,-2.400402,11.826298,67.635460,0.153361,0.094196,0.023120
14379.927975,-4.550829,0.690730,59.312469,1.920902,0.701682,59.212025,14379.943341,14379.880001,0,17996,1,-2.400785,11.819227,67.632439,0.160480,0.098505,0.023665
14379.931978,-4.553543,0.684387,59.311386,1.918188,0.695339,59.210941,14379.947337,14379.880001,0,17997,1,-2.401172,11.811996,67.629395,0.167814,0.103002,0.024223
14379.937080,-4.552667,0.694730,59.311039,1.918841,0.707415,59.210331,14379.952317,14379.896681,0,17998,1,-2.379067,11.530555,67.640755,0.052867,0.133728,0.020654
14379.940954,-4.551929,0.705716,59.310608,1.919579,0.718401,59.209904,14379.956309,14379.896681,0,17999,1,-2.377586,11.507518,67.638573,0.051836,0.140424,0.021083
14379.944924,-4.551215,0.716541,59.310223,1.920293,0.729226,59.209518,14379.960298,14379.896681,0,18000,1,-2.376049,11.483971,67.636375,0.050718,0.147360,0.021523
14379.948925,-4.550524,0.727260,59.309875,1.920984,0.739945,59.209167,14379.964288,14379.896681,0,18001,1,-2.374454,11.459885,67.634155,0.049511,0.154544,0.021973
14379.952890,-4.546051,0.725301,59.314919,1.923796,0.737154,59.204735,14379.968273,14379.913362,0,18002,1,-2.336411,11.437203,67.566139,-0.135285,0.125343,0.017302
14379.956865,-4.542430,0.723177,59.315189,1.927416,0.735030,59.205006,14379.972260,14379.913362,0,18003,1,-2.333381,11.412154,67.560852,-0.150185,0.130423,0.017457
14379.961921,-4.538729,0.721284,59.315437,1.931118,0.733138,59.205250,14379.977225,14379.913362,0,18004,1,-2.329522,11.380224,67.554153,-0.169522,0.136970,0.017652
14379.965896,-4.535027,0.719597,59.315659,1.934819,0.731450,59.205471,14379.981215,14379.913362,0,18005,1,-2.326351,11.353965,67.548683,-0.185695,0.142411,0.017811
14379.969849,-4.533815,0.704242,59.316822,1.934560,0.719249,59.202560,14379.985229,14379.930043,0,18006,1,-2.411282,11.852913,67.665421,0.085706,-0.050115,0.009234
14379.973829,-4.533299,0.690796,59.316032,1.935076,0.705803,59.201771,14379.989218,14379.930043,0,18007,1,-2.412368,11.846639,67.665535,0.089000,-0.058695,0.008895
14379.977797,-4.532750,0.677613,59.315323,1.935626,0.692621,59.201061,14379.993179,14379.930043,0,18008,1,-2.413469,11.840278,67.665695,0.092409,-0.067548,0.008546
14379.982812,-4.533152,0.687800,59.314522,1.933460,0.702865,59.193661,14379.998197,14379.946723,0,18009,1,-2.420096,11.863543,67.648132,0.098968,-0.022920,0.010256
14379.986798,-4.534418,0.697884,59.310829,1.932194,0.712949,59.189972,14380.002190,14379.946723,0,18010,1,-2.421454,11.858104,67.647209,0.103562,-0.028723,0.009966
14379.990789,-4.535677,0.707884,59.307507,1.930934,0.722949,59.186649,14380.006151,14379.946723,0,18011,1,-2.422827,11.852601,67.646294,0.108311,-0.034686,0.009668
14379.994934,-4.536942,0.717860,59.304520,1.929670,0.732924,59.183659,14380.010156,14379.946723,0,18012,1,-2.424242,11.846927,67.645370,0.113306,-0.040927,0.009356
14379.998828,-4.533180,0.716451,59.294315,1.931625,0.733005,59.181858,14380.014201,14379.963404,0,18013,1,-2.412474,11.885813,67.611069,0.005584,0.104367,0.013258
14380.002771,-4.530367,0.715867,59.288914,1.934438,0.732421,59.176456,14380.018152,14379.963404,0,18014,1,-2.412591,11.882123,67.609459,0.001893,0.109445,0.013214
14380.007867,-4.527525,0.715352,59.284050,1.937280,0.731906,59.171597,14380.023102,14379.963404,0,18015,1,-2.412724,11.877412,67.607460,-0.002942,0.116117,0.013158
14380.011781,-4.524705,0.714894,59.279675,1.940100,0.731448,59.167221,14380.027119,14379.963404,0,18016,1,-2.412819,11.873518,67.605827,-0.007040,0.121785,0.013112
14380.015757,-4.518455,0.716807,59.277306,1.945413,0.734779,59.174679,14380.031135,14379.980084,0,18017,1,-2.435883,11.923886,67.689667,0.069505,0.053227,0.010008
14380.019843,-4.512655,0.719594,59.279594,1.951213,0.737566,59.176971,14380.035122,14379.980084,0,18018,1,-2.437083,11.922705,67.691254,0.071498,0.053706,0.009823
14380.023703,-4.506820,0.722546,59.281658,1.957048,0.740517,59.179031,14380.039086,14379.980084,0,18019,1,-2.438291,11.921526,67.692894,0.073564,0.054205,0.009634
