CaptureTime, LeftLM1.x, LeftLM1.y, LeftLM2.x, LeftLM2.y, LeftLM3.x, LeftLM3.y, LeftLM4.x, LeftLM4.y, LeftLM5.x, LeftLM5.y, LeftLM6.x, LeftLM6.y, RightLM1.x, RightLM1.y, RightLM2.x, RightLM2.y, RightLM3.x, RightLM3.y, RightLM4.x, RightLM4.y, RightLM5.x, RightLM5.y, RightLM6.x, RightLM6.y, frameNumber
14369.7584, 272.8915, 253.2451,271.3916, 255.8431,268.3917, 255.8432,266.8915, 253.2453,268.3912, 250.6472,271.3911, 250.6468,322.7132, 256.3311,319.7133, 256.3312,318.2131, 253.7334,319.7128, 251.1352,322.7127, 251.1348,324.2131, 253.7325,344.1342, 252.6889,342.6342, 255.2869,339.6343, 255.2870,338.1342, 252.6891,339.6339, 250.0910,342.6338, 250.0905,394.9694, 256.5739,391.9694, 256.5740,390.4693, 253.9761,391.9689, 251.3779,394.9689, 251.3775,396.4693, 253.9753,3738
14369.7751, 272.1126, 253.0694,270.6127, 255.6674,267.6128, 255.6676,266.1126, 253.0697,267.6123, 250.4715,270.6122, 250.4711,322.4982, 255.9200,319.4983, 255.9201,317.9981, 253.3222,319.4978, 250.7241,322.4977, 250.7236,323.9981, 253.3214,343.7674, 252.6135,342.2675, 255.2115,339.2675, 255.2117,337.7674, 252.6138,339.2670, 250.0156,342.2670, 250.0152,395.2328, 256.2019,392.2329, 256.2020,390.7328, 253.6041,392.2325, 251.0060,395.2324, 251.0055,396.7328, 253.6033,3739
14369.7917, 272.5117, 253.5966,271.0118, 256.1947,268.0118, 256.1948,266.5117, 253.5969,268.0114, 250.9987,271.0113, 250.9983,322.6116, 256.4522,319.6116, 256.4523,318.1115, 253.8544,319.6111, 251.2563,322.6111, 251.2558,324.1115, 253.8536,344.0690, 252.5518,342.5691, 255.1498,339.5691, 255.1499,338.0690, 252.5520,339.5686, 249.9539,342.5686, 249.9534,394.9516, 256.2854,391.9517, 256.2855,390.4516, 253.6876,391.9512, 251.0895,394.9511, 251.0890,396.4515, 253.6868,3740
14369.8084, 272.7230, 253.4877,271.2231, 256.0858,268.2232, 256.0859,266.7231, 253.4880,268.2227, 250.8898,271.2226, 250.8894,322.6864, 256.4714,319.6865, 256.4716,318.1863, 253.8737,319.6860, 251.2755,322.6859, 251.2751,324.1863, 253.8728,343.5826, 252.6539,342.0826, 255.2519,339.0827, 255.2521,337.5826, 252.6542,339.0822, 250.0560,342.0822, 250.0556,394.7264, 256.1604,391.7264, 256.1605,390.2263, 253.5626,391.7260, 250.9645,394.7259, 250.9641,396.2263, 253.5618,3741
14369.8251, 272.4738, 253.5424,270.9739, 256.1404,267.9740, 256.1406,266.4738, 253.5427,267.9735, 250.9445,270.9734, 250.9441,322.3327, 256.2830,319.3328, 256.2831,317.8326, 253.6853,319.3323, 251.0871,322.3322, 251.0867,323.8326, 253.6844,343.9246, 252.8377,342.4247, 255.4357,339.4248, 255.4358,337.9247, 252.8380,339.4243, 250.2398,342.4242, 250.2394,394.6979, 256.5384,391.6980, 256.5385,390.1979, 253.9407,391.6975, 251.3425,394.6974, 251.3421,396.1978, 253.9398,3742
14369.8418, 272.6608, 253.4385,271.1609, 256.0365,268.1610, 256.0367,266.6608, 253.4388,268.1605, 250.8406,271.1604, 250.8402,322.4706, 256.5503,319.4707, 256.5504,317.9705, 253.9526,319.4702, 251.3544,322.4701, 251.3540,323.9705, 253.9517,343.8829, 252.8437,342.3829, 255.4418,339.3830, 255.4419,337.8829, 252.8440,339.3825, 250.2458,342.3824, 250.2454,394.7934, 256.5947,391.7935, 256.5948,390.2933, 253.9970,391.7930, 251.3988,394.7929, 251.3984,396.2933, 253.9961,3743
14369.8585, 272.7697, 253.4831,271.2698, 256.0811,268.2699, 256.0812,266.7697, 253.4833,268.2694, 250.8852,271.2693, 250.8848,322.6432, 256.5553,319.6433, 256.5555,318.1432, 253.9576,319.6428, 251.3594,322.6427, 251.3590,324.1431, 253.9567,344.1110, 252.6608,342.6111, 255.2588,339.6111, 255.2589,338.1110, 252.6610,339.6107, 250.0629,342.6106, 250.0625,395.2733, 256.4915,392.2734, 256.4916,390.7732, 253.8937,392.2729, 251.2956,395.2728, 251.2951,396.7732, 253.8929,3744
14369.8751, 272.6748, 253.5556,271.1749, 256.1536,268.1750, 256.1537,266.6748, 253.5559,268.1745, 250.9577,271.1744, 250.9573,322.0362, 256.4307,319.0363, 256.4308,317.5361, 253.8329,319.0358, 251.2348,322.0357, 251.2343,323.5361, 253.8321,344.2214, 252.6544,342.7215, 255.2524,339.7216, 255.2525,338.2214, 252.6546,339.7211, 250.0565,342.7210, 250.0560,395.1449, 256.3089,392.1450, 256.3090,390.6448, 253.7111,392.1445, 251.1130,395.1444, 251.1125,396.6448, 253.7103,3745
14369.8918, 272.5612, 253.4657,271.0613, 256.0637,268.0613, 256.0639,266.5612, 253.4660,268.0609, 250.8678,271.0608, 250.8674,322.6117, 256.5085,319.6118, 256.5087,318.1116, 253.9108,319.6113, 251.3126,322.6112, 251.3122,324.1116, 253.9100,344.1172, 252.7899,342.6173, 255.3879,339.6174, 255.3881,338.1173, 252.7902,339.6169, 250.1920,342.6169, 250.1916,395.3940, 256.4773,392.3941, 256.4774,390.8940, 253.8796,392.3936, 251.2814,395.3936, 251.2810,396.8940, 253.8787,3746
14369.9085, 272.3494, 253.7538,270.8495, 256.3518,267.8496, 256.3519,266.3494, 253.7540,267.8491, 251.1559,270.8490, 251.1555,322.8496, 256.4645,319.8497, 256.4646,318.3496, 253.8667,319.8492, 251.2686,322.8492, 251.2682,324.3495, 253.8659,344.2352, 252.6516,342.7353, 255.2496,339.7354, 255.2498,338.2352, 252.6519,339.7349, 250.0537,342.7348, 250.0533,395.0906, 256.4111,392.0907, 256.4112,390.5905, 253.8133,392.0902, 251.2152,395.0901, 251.2147,396.5905, 253.8125,3747
14369.9252, 272.6800, 253.3049,271.1801, 255.9030,268.1801, 255.9031,266.6800, 253.3052,268.1796, 250.7070,271.1796, 250.7066,322.5825, 256.2065,319.5826, 256.2066,318.0824, 253.6087,319.5821, 251.0105,322.5820, 251.0101,324.0824, 253.6079,344.1470, 252.6963,342.6471, 255.2943,339.6472, 255.2945,338.1470, 252.6966,339.6467, 250.0984,342.6466, 250.0980,395.1110, 256.5022,392.1111, 256.5023,390.6109, 253.9045,392.1106, 251.3063,395.1105, 251.3059,396.6109, 253.9036,3748
14369.9419, 272.7663, 253.1708,271.2664, 255.7688,268.2664, 255.7690,266.7663, 253.1711,268.2659, 250.5729,271.2659, 250.5725,322.6856, 256.3354,319.6857, 256.3355,318.1855, 253.7376,319.6852, 251.1395,322.6851, 251.1391,324.1855, 253.7368,344.4503, 252.8709,342.9503, 255.4690,339.9504, 255.4691,338.4503, 252.8712,339.9499, 250.2731,342.9498, 250.2726,395.4396, 256.5052,392.4397, 256.5054,390.9395, 253.9075,392.4392, 251.3093,395.4391, 251.3089,396.9395, 253.9066,3749
14369.9586, 272.7642, 253.3412,271.2643, 255.9392,268.2644, 255.9394,266.7642, 253.3415,268.2639, 250.7433,271.2638, 250.7429,322.6498, 256.3719,319.6499, 256.3720,318.1497, 253.7742,319.6494, 251.1760,322.6493, 251.1756,324.1497, 253.7733,344.5701, 252.7691,343.0702, 255.3671,340.0703, 255.3673,338.5701, 252.7694,340.0698, 250.1712,343.0697, 250.1708,395.3851, 256.5132,392.3852, 256.5134,390.8850, 253.9155,392.3847, 251.3173,395.3846, 251.3169,396.8850, 253.9146,3750
14369.9753, 272.7866, 253.3093,271.2867, 255.9074,268.2868, 255.9075,266.7867, 253.3096,268.2863, 250.7115,271.2862, 250.7110,322.7170, 256.2768,319.7171, 256.2770,318.2170, 253.6791,319.7166, 251.0809,322.7166, 251.0805,324.2169, 253.6783,344.3099, 252.8673,342.8100, 255.4653,339.8101, 255.4655,338.3099, 252.8676,339.8096, 250.2694,342.8095, 250.2690,395.4547, 256.2696,392.4547, 256.2697,390.9546, 253.6719,392.4543, 251.0737,395.4542, 251.0733,396.9546, 253.6710,3751
14369.9920, 272.6577, 253.1902,271.1578, 255.7883,268.1579, 255.7884,266.6577, 253.1905,268.1574, 250.5923,271.1573, 250.5919,322.8520, 256.3525,319.8521, 256.3527,318.3519, 253.7548,319.8516, 251.1566,322.8515, 251.1562,324.3519, 253.7540,344.2631, 252.8253,342.7632, 255.4233,339.7633, 255.4235,338.2631, 252.8256,339.7628, 250.2274,342.7627, 250.2270,395.2208, 256.2501,392.2209, 256.2502,390.7208, 253.6523,392.2204, 251.0542,395.2203, 251.0537,396.7207, 253.6515,3752
14370.0087, 272.7367, 253.3997,271.2368, 255.9977,268.2368, 255.9979,266.7367, 253.4000,268.2363, 250.8018,271.2363, 250.8014,322.6462, 256.2733,319.6463, 256.2734,318.1461, 253.6755,319.6458, 251.0773,322.6457, 251.0769,324.1461, 253.6747,344.0596, 252.8388,342.5597, 255.4368,339.5597, 255.4370,338.0596, 252.8391,339.5592, 250.2409,342.5592, 250.2405,395.2600, 256.4862,392.2600, 256.4863,390.7599, 253.8884,392.2596, 251.2903,395.2595, 251.2898,396.7599, 253.8876,3753
14370.0254, 273.0787, 253.3684,271.5788, 255.9664,268.5789, 255.9666,267.0787, 253.3687,268.5784, 250.7705,271.5783, 250.7701,322.5552, 256.5324,319.5553, 256.5325,318.0551, 253.9346,319.5548, 251.3365,322.5547, 251.3361,324.0551, 253.9338,344.0318, 252.7531,342.5319, 255.3511,339.5320, 255.3512,338.0318, 252.7533,339.5315, 250.1552,342.5314, 250.1548,395.0845, 256.3331,392.0846, 256.3332,390.5845, 253.7353,392.0841, 251.1371,395.0840, 251.1367,396.5844, 253.7345,3754
14370.0421, 272.8231, 253.5450,271.3232, 256.1430,268.3232, 256.1432,266.8231, 253.5453,268.3227, 250.9471,271.3227, 250.9467,322.5757, 256.3204,319.5758, 256.3206,318.0757, 253.7227,319.5753, 251.1245,322.5753, 251.1241,324.0757, 253.7218,344.3949, 252.6629,342.8950, 255.2610,339.8950, 255.2611,338.3949, 252.6632,339.8945, 250.0650,342.8945, 250.0646,395.0090, 256.5132,392.0091, 256.5134,390.5089, 253.9155,392.0086, 251.3173,395.0085, 251.3169,396.5089, 253.9146,3755
14370.0588, 272.4896, 253.6130,270.9897, 256.2111,267.9898, 256.2112,266.4896, 253.6133,267.9893, 251.0152,270.9892, 251.0147,322.3394, 256.4774,319.3395, 256.4775,317.8393, 253.8797,319.3390, 251.2815,322.3389, 251.2811,323.8393, 253.8788,343.8243, 253.0274,342.3244, 255.6254,339.3245, 255.6256,337.8243, 253.0277,339.3240, 250.4295,342.3239, 250.4291,394.8098, 256.3335,391.8099, 256.3336,390.3098, 253.7358,391.8094, 251.1376,394.8094, 251.1372,396.3098, 253.7349,3756
14370.0755, 272.7924, 253.5016,271.2924, 256.0997,268.2925, 256.0998,266.7924, 253.5019,268.2920, 250.9037,271.2919, 250.9033,323.0008, 256.5600,320.0009, 256.5602,318.5008, 253.9623,320.0004, 251.3641,323.0003, 251.3637,324.5007, 253.9615,344.1156, 252.5726,342.6157, 255.1707,339.6158, 255.1708,338.1156, 252.5729,339.6153, 249.9747,342.6152, 249.9743,395.0473, 256.2388,392.0473, 256.2390,390.5472, 253.6411,392.0468, 251.0429,395.0468, 251.0425,396.5472, 253.6402,3757
14370.0921, 273.1694, 253.6004,271.6695, 256.1984,268.6696, 256.1985,267.1694, 253.6007,268.6691, 251.0025,271.6690, 251.0021,322.9585, 256.5603,319.9586, 256.5605,318.4584, 253.9626,319.9581, 251.3644,322.9580, 251.3640,324.4584, 253.9617,344.2632, 252.4249,342.7633, 255.0229,339.7634, 255.0231,338.2633, 252.4252,339.7629, 249.8270,342.7628, 249.8266,394.9954, 256.4909,391.9955, 256.4911,390.4953, 253.8932,391.9950, 251.2950,394.9949, 251.2946,396.4953, 253.8923,3758
14370.1088, 272.9343, 253.3523,271.4343, 255.9503,268.4344, 255.9504,266.9343, 253.3525,268.4339, 250.7544,271.4338, 250.7540,322.8301, 256.3918,319.8302, 256.3920,318.3300, 253.7941,319.8297, 251.1959,322.8296, 251.1955,324.3300, 253.7933,344.3298, 252.5644,342.8299, 255.1624,339.8300, 255.1626,338.3298, 252.5647,339.8295, 249.9665,342.8294, 249.9661,395.0892, 256.2519,392.0892, 256.2520,390.5891, 253.6542,392.0887, 251.0560,395.0887, 251.0556,396.5891, 253.6533,3759
14370.1255, 272.7409, 253.4495,271.2410, 256.0475,268.2411, 256.0477,266.7409, 253.4498,268.2406, 250.8516,271.2405, 250.8512,322.8105, 256.2948,319.8105, 256.2949,318.3104, 253.6970,319.8101, 251.0989,322.8100, 251.0984,324.3104, 253.6962,344.2150, 252.6682,342.7151, 255.2663,339.7152, 255.2664,338.2150, 252.6685,339.7147, 250.0703,342.7146, 250.0699,394.8516, 256.4998,391.8517, 256.5000,390.3516, 253.9021,391.8512, 251.3039,394.8511, 251.3035,396.3515, 253.9012,3760
14370.1422, 272.5064, 253.2651,271.0065, 255.8632,268.0066, 255.8633,266.5064, 253.2654,268.0061, 250.6673,271.0060, 250.6668,322.8570, 256.1247,319.8571, 256.1248,318.3569, 253.5269,319.8566, 250.9287,322.8565, 250.9283,324.3569, 253.5261,344.0218, 252.6570,342.5219, 255.2550,339.5219, 255.2551,338.0218, 252.6572,339.5214, 250.0591,342.5214, 250.0587,395.3961, 256.5758,392.3962, 256.5759,390.8961, 253.9780,392.3958, 251.3799,395.3957, 251.3794,396.8961, 253.9772,3761
14370.1589, 272.9769, 253.4201,271.4770, 256.0181,268.4771, 256.0182,266.9770, 253.4204,268.4766, 250.8222,271.4765, 250.8218,322.8174, 256.2570,319.8175, 256.2572,318.3174, 253.6593,319.8170, 251.0611,322.8170, 251.0607,324.3174, 253.6584,344.1970, 252.5248,342.6971, 255.1228,339.6972, 255.1229,338.1970, 252.5250,339.6967, 249.9269,342.6966, 249.9265,395.2940, 256.2075,392.2941, 256.2076,390.7939, 253.6097,392.2936, 251.0116,395.2935, 251.0111,396.7939, 253.6089,3762
14370.1756, 273.1702, 253.0661,271.6703, 255.6641,268.6703, 255.6643,267.1702, 253.0664,268.6699, 250.4682,271.6698, 250.4678,322.9271, 256.3155,319.9271, 256.3156,318.4270, 253.7177,319.9266, 251.1196,322.9266, 251.1191,324.4270, 253.7169,344.2128, 252.9210,342.7129, 255.5190,339.7129, 255.5191,338.2128, 252.9212,339.7124, 250.3231,342.7124, 250.3227,395.1925, 256.6290,392.1926, 256.6292,390.6924, 254.0313,392.1921, 251.4331,395.1920, 251.4327,396.6924, 254.0304,3763
14370.1923, 272.7892, 253.5682,271.2893, 256.1662,268.2893, 256.1664,266.7892, 253.5685,268.2888, 250.9703,271.2888, 250.9699,322.5399, 256.2998,319.5400, 256.3000,318.0399, 253.7021,319.5395, 251.1039,322.5394, 251.1035,324.0398, 253.7013,344.5758, 252.5483,343.0759, 255.1463,340.0760, 255.1464,338.5758, 252.5486,340.0755, 249.9504,343.0754, 249.9500,395.4480, 256.5362,392.4481, 256.5364,390.9479, 253.9385,392.4476, 251.3403,395.4475, 251.3399,396.9479, 253.9377,3764
14370.2090, 273.2951, 253.6199,271.7952, 256.2180,268.7952, 256.2181,267.2951, 253.6202,268.7947, 251.0220,271.7947, 251.0216,322.8120, 256.2852,319.8120, 256.2853,318.3119, 253.6875,319.8116, 251.0893,322.8115, 251.0889,324.3119, 253.6866,344.4304, 252.4951,342.9305, 255.0931,339.9305, 255.0932,338.4304, 252.4953,339.9300, 249.8972,342.9300, 249.8968,395.0984, 256.2556,392.0984, 256.2558,390.5983, 253.6579,392.0979, 251.0597,395.0979, 251.0593,396.5983, 253.6571,3765
14370.2256, 272.8446, 253.5559,271.3447, 256.1539,268.3448, 256.1541,266.8446, 253.5562,268.3443, 250.9580,271.3442, 250.9576,323.0305, 256.3173,320.0305, 256.3174,318.5304, 253.7195,320.0301, 251.1214,323.0300, 251.1209,324.5304, 253.7187,344.2252, 252.7520,342.7253, 255.3500,339.7254, 255.3502,338.2253, 252.7523,339.7249, 250.1541,342.7248, 250.1537,395.5967, 256.3969,392.5968, 256.3970,391.0967, 253.7991,392.5963, 251.2009,395.5963, 251.2005,397.0966, 253.7983,3766
14370.2423, 273.0381, 253.4266,271.5382, 256.0246,268.5383, 256.0247,267.0382, 253.4268,268.5378, 250.8287,271.5378, 250.8282,322.8817, 256.4545,319.8818, 256.4547,318.3817, 253.8568,319.8813, 251.2586,322.8813, 251.2582,324.3817, 253.8559,343.9944, 252.6602,342.4945, 255.2583,339.4946, 255.2584,337.9944, 252.6605,339.4941, 250.0623,342.4940, 250.0619,395.1768, 256.1000,392.1769, 256.1002,390.6767, 253.5023,392.1764, 250.9041,395.1763, 250.9037,396.6767, 253.5015,3767
14370.2590, 272.8023, 253.5815,271.3024, 256.1795,268.3024, 256.1796,266.8023, 253.5817,268.3019, 250.9836,271.3019, 250.9832,322.9330, 256.6572,319.9331, 256.6573,318.4330, 254.0595,319.9326, 251.4613,322.9326, 251.4609,324.4330, 254.0586,344.2518, 252.8761,342.7519, 255.4741,339.7520, 255.4742,338.2519, 252.8764,339.7515, 250.2782,342.7514, 250.2778,395.2987, 256.1624,392.2988, 256.1625,390.7986, 253.5646,392.2983, 250.9665,395.2982, 250.9660,396.7986, 253.5638,3768
14370.2757, 272.4834, 253.6469,270.9835, 256.2449,267.9835, 256.2451,266.4834, 253.6472,267.9830, 251.0490,270.9830, 251.0486,322.6983, 256.2624,319.6984, 256.2626,318.1982, 253.6647,319.6979, 251.0665,322.6978, 251.0661,324.1982, 253.6638,344.1754, 252.7283,342.6755, 255.3264,339.6756, 255.3265,338.1754, 252.7286,339.6751, 250.1304,342.6750, 250.1300,395.5664, 256.1517,392.5664, 256.1519,391.0663, 253.5540,392.5659, 250.9558,395.5659, 250.9554,397.0663, 253.5532,3769
14370.2924, 272.6482, 253.4720,271.1483, 256.0701,268.1483, 256.0702,266.6482, 253.4723,268.1479, 250.8741,271.1478, 250.8737,322.6595, 256.2926,319.6595, 256.2928,318.1594, 253.6949,319.6590, 251.0967,322.6590, 251.0963,324.1594, 253.6941,344.3134, 252.8660,342.8134, 255.4640,339.8135, 255.4641,338.3134, 252.8662,339.8130, 250.2681,342.8130, 250.2676,395.1461, 256.2829,392.1462, 256.2831,390.6461, 253.6852,392.1458, 251.0870,395.1457, 251.0866,396.6461, 253.6843,3770
14370.3091, 272.7154, 253.2988,271.2155, 255.8969,268.2155, 255.8970,266.7154, 253.2991,268.2151, 250.7009,271.2150, 250.7005,322.6594, 256.2121,319.6595, 256.2122,318.1594, 253.6144,319.6590, 251.0162,322.6589, 251.0158,324.1593, 253.6135,343.9519, 252.5728,342.4520, 255.1709,339.4520, 255.1710,337.9519, 252.5731,339.4515, 249.9749,342.4515, 249.9745,395.0467, 256.0837,392.0468, 256.0839,390.5466, 253.4860,392.0463, 250.8878,395.0462, 250.8874,396.5466, 253.4851,3771
14370.3258, 272.6872, 253.2377,271.1873, 255.8357,268.1873, 255.8358,266.6872, 253.2379,268.1868, 250.6398,271.1868, 250.6393,322.8592, 256.1597,319.8593, 256.1598,318.3591, 253.5619,319.8588, 250.9638,322.8587, 250.9633,324.3591, 253.5611,344.1042, 252.5867,342.6043, 255.1847,339.6044, 255.1849,338.1042, 252.5870,339.6039, 249.9888,342.6038, 249.9884,394.9682, 256.0241,391.9683, 256.0243,390.4681, 253.4264,391.9678, 250.8282,394.9677, 250.8278,396.4681, 253.4256,3772
14370.3425, 272.6526, 253.2941,271.1527, 255.8922,268.1528, 255.8923,266.6526, 253.2944,268.1523, 250.6962,271.1522, 250.6958,322.4236, 256.1716,319.4237, 256.1717,317.9236, 253.5738,319.4232, 250.9757,322.4231, 250.9753,323.9235, 253.5730,344.2851, 252.8656,342.7852, 255.4636,339.7852, 255.4638,338.2851, 252.8659,339.7848, 250.2677,342.7847, 250.2673,394.9367, 256.3951,391.9368, 256.3953,390.4366, 253.7974,391.9363, 251.1992,394.9362, 251.1988,396.4366, 253.7966,3773
14370.3591, 272.4249, 253.3226,270.9250, 255.9206,267.9250, 255.9208,266.4249, 253.3229,267.9246, 250.7247,270.9245, 250.7243,322.2452, 256.1826,319.2452, 256.1828,317.7451, 253.5849,319.2448, 250.9867,322.2447, 250.9863,323.7451, 253.5841,343.8768, 252.7155,342.3769, 255.3136,339.3770, 255.3137,337.8769, 252.7158,339.3765, 250.1176,342.3764, 250.1172,395.3038, 256.2772,392.3039, 256.2773,390.8037, 253.6795,392.3034, 251.0813,395.3033, 251.0809,396.8037, 253.6786,3774
14370.3758, 272.8701, 253.3473,271.3702, 255.9453,268.3703, 255.9455,266.8701, 253.3476,268.3698, 250.7494,271.3697, 250.7490,322.6269, 256.2653,319.6270, 256.2654,318.1268, 253.6676,319.6265, 251.0694,322.6264, 251.0690,324.1268, 253.6667,344.4494, 252.8218,342.9495, 255.4199,339.9496, 255.4200,338.4494, 252.8221,339.9491, 250.2239,342.9490, 250.2235,394.9615, 256.5847,391.9616, 256.5848,390.4615, 253.9870,391.9612, 251.3888,394.9611, 251.3884,396.4615, 253.9861,3775
14370.3925, 272.7216, 253.0298,271.2217, 255.6278,268.2218, 255.6279,266.7216, 253.0300,268.2213, 250.4319,271.2212, 250.4315,322.2130, 256.0121,319.2131, 256.0123,317.7129, 253.4144,319.2126, 250.8162,322.2125, 250.8158,323.7129, 253.4135,343.8849, 252.6609,342.3850, 255.2589,339.3851, 255.2590,337.8849, 252.6612,339.3846, 250.0630,342.3845, 250.0626,394.9380, 256.0522,391.9381, 256.0523,390.4379, 253.4544,391.9376, 250.8563,394.9375, 250.8558,396.4379, 253.4536,3776
14370.4092, 272.5333, 253.1684,271.0334, 255.7664,268.0334, 255.7665,266.5333, 253.1687,268.0329, 250.5705,271.0329, 250.5701,322.2191, 256.0897,319.2192, 256.0898,317.7190, 253.4920,319.2187, 250.8938,322.2186, 250.8934,323.7190, 253.4911,344.0801, 252.4977,342.5802, 255.0958,339.5803, 255.0959,338.0801, 252.4980,339.5798, 249.8999,342.5797, 249.8994,395.0961, 256.3017,392.0962, 256.3019,390.5960, 253.7040,392.0957, 251.1058,395.0956, 251.1054,396.5960, 253.7031,3777
14370.4259, 272.8939, 253.1247,271.3940, 255.7228,268.3940, 255.7229,266.8939, 253.1250,268.3936, 250.5269,271.3935, 250.5264,322.3783, 256.0687,319.3783, 256.0688,317.8782, 253.4709,319.3778, 250.8728,322.3778, 250.8724,323.8782, 253.4701,344.2108, 252.7525,342.7109, 255.3505,339.7110, 255.3507,338.2108, 252.7528,339.7105, 250.1546,342.7104, 250.1542,395.3312, 256.1367,392.3313, 256.1368,390.8311, 253.5390,392.3308, 250.9408,395.3307, 250.9404,396.8311, 253.5381,3778
14370.4426, 272.6919, 253.1978,271.1920, 255.7959,268.1921, 255.7960,266.6919, 253.1981,268.1916, 250.6000,271.1915, 250.5995,322.5322, 256.0226,319.5323, 256.0228,318.0321, 253.4249,319.5318, 250.8267,322.5317, 250.8263,324.0321, 253.4241,344.3672, 252.7115,342.8673, 255.3095,339.8674, 255.3097,338.3672, 252.7118,339.8669, 250.1136,342.8668, 250.1132,395.1163, 256.1418,392.1164, 256.1419,390.6162, 253.5440,392.1159, 250.9459,395.1158, 250.9454,396.6162, 253.5432,3779
14370.4593, 272.6888, 253.3843,271.1889, 255.9824,268.1890, 255.9825,266.6889, 253.3846,268.1885, 250.7865,271.1884, 250.7860,322.5740, 256.1816,319.5741, 256.1818,318.0740, 253.5839,319.5736, 250.9857,322.5735, 250.9853,324.0739, 253.5831,344.2858, 252.5625,342.7859, 255.1605,339.7860, 255.1607,338.2858, 252.5628,339.7855, 249.9646,342.7854, 249.9642,395.1241, 256.2269,392.1242, 256.2271,390.6240, 253.6292,392.1237, 251.0310,395.1236, 251.0306,396.6240, 253.6283,3780
14370.4760, 272.6369, 253.4178,271.1370, 256.0158,268.1371, 256.0160,266.6369, 253.4181,268.1366, 250.8199,271.1365, 250.8195,322.7088, 256.1917,319.7089, 256.1918,318.2087, 253.5939,319.7084, 250.9957,322.7083, 250.9953,324.2087, 253.5931,344.1786, 252.4770,342.6787, 255.0750,339.6787, 255.0752,338.1786, 252.4773,339.6783, 249.8791,342.6782, 249.8787,395.3432, 256.1348,392.3433, 256.1349,390.8431, 253.5370,392.3428, 250.9388,395.3427, 250.9384,396.8431, 253.5362,3781
14370.4927, 272.8480, 253.2410,271.3481, 255.8391,268.3482, 255.8392,266.8480, 253.2413,268.3477, 250.6431,271.3476, 250.6427,322.7733, 256.0367,319.7734, 256.0368,318.2732, 253.4389,319.7729, 250.8408,322.7728, 250.8404,324.2732, 253.4381,344.2519, 252.4489,342.7520, 255.0469,339.7520, 255.0470,338.2519, 252.4491,339.7515, 249.8510,342.7515, 249.8505,395.0005, 256.0877,392.0006, 256.0878,390.5005, 253.4899,392.0002, 250.8918,395.0001, 250.8913,396.5005, 253.4891,3782
14370.5094, 272.6459, 253.7216,271.1460, 256.3197,268.1460, 256.3198,266.6459, 253.7219,268.1455, 251.1237,271.1455, 251.1233,322.6795, 256.3215,319.6796, 256.3217,318.1794, 253.7238,319.6791, 251.1256,322.6790, 251.1252,324.1794, 253.7230,344.0452, 252.2967,342.5453, 254.8947,339.5454, 254.8949,338.0453, 252.2970,339.5449, 249.6988,342.5448, 249.6984,394.9026, 256.0737,391.9027, 256.0739,390.4026, 253.4760,391.9022, 250.8778,394.9022, 250.8774,396.4026, 253.4751,3783
14370.5261, 272.7372, 253.3825,271.2373, 255.9805,268.2374, 255.9806,266.7372, 253.3827,268.2369, 250.7846,271.2368, 250.7841,322.6321, 256.3864,319.6322, 256.3865,318.1321, 253.7886,319.6317, 251.1904,322.6317, 251.1900,324.1320, 253.7878,343.8884, 252.6465,342.3885, 255.2445,339.3885, 255.2446,337.8884, 252.6467,339.3881, 250.0486,342.3880, 250.0481,394.6296, 256.3282,391.6297, 256.3284,390.1295, 253.7305,391.6292, 251.1323,394.6291, 251.1319,396.1295, 253.7296,3784
14370.5428, 272.7368, 253.4548,271.2368, 256.0528,268.2369, 256.0530,266.7368, 253.4551,268.2364, 250.8569,271.2364, 250.8565,322.6150, 255.9630,319.6150, 255.9632,318.1149, 253.3653,319.6145, 250.7671,322.6145, 250.7667,324.1149, 253.3644,344.2143, 252.4214,342.7144, 255.0194,339.7144, 255.0196,338.2143, 252.4217,339.7140, 249.8235,342.7139, 249.8231,395.1659, 256.1488,392.1659, 256.1490,390.6658, 253.5511,392.1654, 250.9529,395.1654, 250.9525,396.6658, 253.5502,3785
14370.5595, 272.6555, 253.0112,271.1555, 255.6092,268.1556, 255.6093,266.6555, 253.0114,268.1551, 250.4133,271.1551, 250.4129,322.6501, 255.9718,319.6501, 255.9719,318.1500, 253.3740,319.6496, 250.7758,322.6496, 250.7754,324.1500, 253.3732,343.9210, 252.8565,342.4211, 255.4546,339.4211, 255.4547,337.9210, 252.8568,339.4207, 250.2587,342.4206, 250.2582,394.9997, 256.2253,391.9998, 256.2255,390.4996, 253.6276,391.9993, 251.0294,394.9992, 251.0290,396.4996, 253.6268,3786
14370.5762, 272.7602, 253.0037,271.2603, 255.6017,268.2603, 255.6018,266.7602, 253.0039,268.2598, 250.4058,271.2598, 250.4053,322.5398, 256.0338,319.5399, 256.0340,318.0397, 253.4361,319.5394, 250.8379,322.5393, 250.8375,324.0397, 253.4353,344.1543, 252.6557,342.6544, 255.2537,339.6544, 255.2539,338.1543, 252.6560,339.6540, 250.0578,342.6539, 250.0574,395.1861, 255.9894,392.1861, 255.9895,390.6860, 253.3916,392.1856, 250.7935,395.1856, 250.7930,396.6860, 253.3908,3787
14370.5929, 272.7849, 253.2562,271.2849, 255.8542,268.2850, 255.8544,266.7849, 253.2565,268.2845, 250.6583,271.2845, 250.6579,322.6069, 256.2185,319.6070, 256.2187,318.1068, 253.6208,319.6065, 251.0226,322.6064, 251.0222,324.1068, 253.6200,343.5997, 252.6810,342.0998, 255.2790,339.0999, 255.2791,337.5997, 252.6813,339.0994, 250.0831,342.0993, 250.0827,395.0623, 256.0590,392.0624, 256.0591,390.5622, 253.4612,392.0619, 250.8631,395.0618, 250.8627,396.5622, 253.4604,3788
14370.6096, 272.1919, 253.3443,270.6920, 255.9423,267.6921, 255.9425,266.1919, 253.3446,267.6916, 250.7464,270.6915, 250.7460,322.2083, 256.0906,319.2084, 256.0907,317.7083, 253.4928,319.2079, 250.8947,322.2078, 250.8943,323.7082, 253.4920,343.6991, 252.6248,342.1992, 255.2228,339.1992, 255.2230,337.6991, 252.6251,339.1988, 250.0269,342.1987, 250.0265,394.6926, 255.8811,391.6927, 255.8812,390.1925, 253.2833,391.6922, 250.6852,394.6921, 250.6848,396.1925, 253.2825,3789
14370.6263, 272.5337, 253.1554,271.0338, 255.7534,268.0339, 255.7536,266.5337, 253.1557,268.0334, 250.5575,271.0333, 250.5571,322.5923, 255.8893,319.5924, 255.8894,318.0923, 253.2915,319.5919, 250.6933,322.5919, 250.6929,324.0923, 253.2907,343.7317, 252.4363,342.2318, 255.0343,339.2318, 255.0345,337.7317, 252.4366,339.2314, 249.8384,342.2313, 249.8380,394.8579, 256.0392,391.8580, 256.0393,390.3579, 253.4414,391.8575, 250.8432,394.8575, 250.8428,396.3578, 253.4406,3790
14370.6430, 272.5661, 253.1055,271.0662, 255.7036,268.0663, 255.7037,266.5661, 253.1058,268.0658, 250.5076,271.0657, 250.5072,322.3973, 255.9813,319.3974, 255.9815,317.8972, 253.3836,319.3969, 250.7854,322.3969, 250.7850,323.8972, 253.3827,343.9659, 252.6381,342.4660, 255.2361,339.4660, 255.2362,337.9659, 252.6384,339.4655, 250.0402,342.4655, 250.0398,394.9491, 256.2963,391.9492, 256.2965,390.4490, 253.6986,391.9487, 251.1004,394.9486, 251.1000,396.4490, 253.6978,3791
14370.6596, 272.2399, 253.4750,270.7400, 256.0730,267.7400, 256.0732,266.2399, 253.4753,267.7395, 250.8771,270.7395, 250.8767,322.0771, 256.2123,319.0771, 256.2124,317.5770, 253.6145,319.0766, 251.0164,322.0766, 251.0159,323.5770, 253.6137,344.1039, 252.7310,342.6039, 255.3290,339.6040, 255.3292,338.1039, 252.7313,339.6035, 250.1331,342.6035, 250.1327,394.9488, 256.3667,391.9488, 256.3669,390.4487, 253.7690,391.9483, 251.1708,394.9483, 251.1704,396.4487, 253.7681,3792
14370.6763, 273.0482, 253.5212,271.5483, 256.1192,268.5484, 256.1194,267.0482, 253.5215,268.5479, 250.9233,271.5478, 250.9229,322.6375, 256.2214,319.6376, 256.2215,318.1374, 253.6236,319.6371, 251.0255,322.6370, 251.0251,324.1374, 253.6228,344.2855, 252.7776,342.7856, 255.3756,339.7856, 255.3758,338.2855, 252.7779,339.7852, 250.1797,342.7851, 250.1793,395.1829, 256.2593,392.1829, 256.2595,390.6828, 253.6616,392.1824, 251.0634,395.1824, 251.0630,396.6828, 253.6607,3793
14370.6930, 272.6648, 253.3764,271.1649, 255.9744,268.1649, 255.9746,266.6648, 253.3767,268.1645, 250.7785,271.1644, 250.7781,322.5114, 256.2942,319.5115, 256.2943,318.0114, 253.6964,319.5110, 251.0982,322.5110, 251.0978,324.0114, 253.6956,343.6832, 252.6094,342.1833, 255.2074,339.1834, 255.2076,337.6832, 252.6097,339.1829, 250.0115,342.1828, 250.0111,395.4199, 256.4103,392.4200, 256.4104,390.9198, 253.8125,392.4195, 251.2144,395.4194, 251.2140,396.9198, 253.8117,3794
14370.7097, 272.3040, 253.5649,270.8041, 256.1629,267.8042, 256.1631,266.3040, 253.5652,267.8037, 250.9670,270.8036, 250.9666,322.5057, 256.3366,319.5058, 256.3368,318.0056, 253.7389,319.5053, 251.1407,322.5052, 251.1403,324.0056, 253.7380,343.9797, 252.8292,342.4798, 255.4273,339.4799, 255.4274,337.9797, 252.8295,339.4794, 250.2313,342.4793, 250.2309,395.0633, 256.2309,392.0634, 256.2310,390.5632, 253.6331,392.0629, 251.0350,395.0628, 251.0346,396.5632, 253.6323,3795
14370.7264, 272.6830, 253.8889,271.1831, 256.4869,268.1831, 256.4871,266.6830, 253.8892,268.1826, 251.2910,271.1826, 251.2906,322.6912, 256.3707,319.6913, 256.3708,318.1911, 253.7729,319.6908, 251.1747,322.6907, 251.1743,324.1911, 253.7721,344.0903, 252.3571,342.5904, 254.9551,339.5905, 254.9553,338.0903, 252.3574,339.5900, 249.7592,342.5899, 249.7588,395.1022, 256.1613,392.1023, 256.1614,390.6021, 253.5636,392.1018, 250.9654,395.1017, 250.9650,396.6021, 253.5627,3796
14370.7431, 272.6003, 253.4651,271.1004, 256.0631,268.1005, 256.0633,266.6004, 253.4654,268.1000, 250.8672,271.0999, 250.8668,322.8196, 256.2980,319.8197, 256.2981,318.3195, 253.7002,319.8192, 251.1021,322.8191, 251.1016,324.3195, 253.6994,344.1597, 252.7721,342.6598, 255.3702,339.6599, 255.3703,338.1597, 252.7724,339.6594, 250.1743,342.6593, 250.1738,394.9224, 256.0708,391.9224, 256.0710,390.4223, 253.4731,391.9219, 250.8749,394.9219, 250.8745,396.4223, 253.4722,3797
14370.7597, 272.4939, 253.4629,270.9940, 256.0609,267.9940, 256.0611,266.4939, 253.4632,267.9936, 250.8650,270.9935, 250.8646,322.6675, 256.2849,319.6676, 256.2851,318.1675, 253.6872,319.6671, 251.0890,322.6671, 251.0886,324.1674, 253.6864,343.9835, 252.9952,342.4836, 255.5932,339.4836, 255.5934,337.9835, 252.9955,339.4831, 250.3973,342.4831, 250.3969,395.1477, 256.3884,392.1478, 256.3886,390.6476, 253.7907,392.1473, 251.1925,395.1472, 251.1921,396.6476, 253.7898,3798
14370.7764, 272.5325, 253.2697,271.0326, 255.8678,268.0327, 255.8679,266.5326, 253.2700,268.0322, 250.6718,271.0321, 250.6714,322.6614, 256.2751,319.6615, 256.2752,318.1613, 253.6773,319.6610, 251.0792,322.6609, 251.0788,324.1613, 253.6765,344.0652, 252.6310,342.5653, 255.2290,339.5654, 255.2291,338.0652, 252.6312,339.5649, 250.0331,342.5648, 250.0326,394.9758, 256.0554,391.9759, 256.0555,390.4757, 253.4576,391.9754, 250.8594,394.9753, 250.8590,396.4757, 253.4568,3799
14370.7930, 272.4985, 253.8172,270.9985, 256.4152,267.9986, 256.4153,266.4985, 253.8174,267.9981, 251.2193,270.9980, 251.2189,322.4089, 256.4867,319.4089, 256.4868,317.9088, 253.8889,319.4084, 251.2908,322.4084, 251.2904,323.9088, 253.8881,344.1778, 253.0593,342.6779, 255.6573,339.6780, 255.6575,338.1778, 253.0596,339.6775, 250.4614,342.6774, 250.4610,395.2626, 256.5480,392.2626, 256.5481,390.7625, 253.9502,392.2621, 251.3521,395.2621, 251.3517,396.7625, 253.9494,3800
14370.8097, 272.7006, 253.3928,271.2007, 255.9909,268.2007, 255.9910,266.7006, 253.3931,268.2003, 250.7950,271.2002, 250.7945,322.7238, 256.4055,319.7238, 256.4057,318.2237, 253.8078,319.7234, 251.2096,322.7233, 251.2092,324.2237, 253.8070,344.2057, 252.8751,342.7057, 255.4731,339.7058, 255.4733,338.2057, 252.8754,339.7053, 250.2772,342.7053, 250.2768,394.9596, 256.3249,391.9597, 256.3250,390.4595, 253.7271,391.9592, 251.1290,394.9591, 251.1285,396.4595, 253.7263,3801
14370.8264, 272.7518, 253.3777,271.2519, 255.9757,268.2520, 255.9758,266.7518, 253.3780,268.2515, 250.7798,271.2514, 250.7794,322.9869, 256.1729,319.9870, 256.1730,318.4868, 253.5751,319.9865, 250.9770,322.9864, 250.9766,324.4868, 253.5743,344.1905, 252.7765,342.6906, 255.3746,339.6906, 255.3747,338.1905, 252.7768,339.6902, 250.1786,342.6901, 250.1782,394.8470, 256.2570,391.8470, 256.2571,390.3469, 253.6592,391.8465, 251.0611,394.8465, 251.0606,396.3469, 253.6584,3802
14370.8431, 272.5789, 253.5069,271.0790, 256.1050,268.0790, 256.1051,266.5789, 253.5072,268.0786, 250.9091,271.0785, 250.9086,322.7602, 256.2483,319.7603, 256.2484,318.2601, 253.6506,319.7598, 251.0524,322.7597, 251.0520,324.2601, 253.6497,344.5182, 252.6792,343.0182, 255.2772,340.0183, 255.2774,338.5182, 252.6795,340.0178, 250.0813,343.0178, 250.0809,394.9945, 256.4697,391.9946, 256.4698,390.4944, 253.8719,391.9941, 251.2737,394.9940, 251.2733,396.4944, 253.8711,3803
14370.8598, 272.6636, 253.4692,271.1637, 256.0672,268.1638, 256.0674,266.6636, 253.4695,268.1633, 250.8713,271.1632, 250.8709,322.5274, 256.2746,319.5275, 256.2747,318.0273, 253.6768,319.5270, 251.0787,322.5269, 251.0783,324.0273, 253.6760,344.1390, 252.7355,342.6391, 255.3335,339.6391, 255.3337,338.1390, 252.7358,339.6386, 250.1376,342.6386, 250.1372,394.8605, 256.2313,391.8605, 256.2315,390.3604, 253.6336,391.8600, 251.0354,394.8600, 251.0350,396.3604, 253.6327,3804
14370.8765, 272.9956, 253.1952,271.4957, 255.7932,268.4958, 255.7934,266.9956, 253.1955,268.4953, 250.5973,271.4952, 250.5969,322.5806, 256.0620,319.5807, 256.0621,318.0806, 253.4642,319.5802, 250.8660,322.5801, 250.8656,324.0805, 253.4634,344.4811, 252.8078,342.9812, 255.4058,339.9813, 255.4059,338.4811, 252.8080,339.9808, 250.2099,342.9807, 250.2095,395.1016, 256.2238,392.1017, 256.2240,390.6015, 253.6261,392.1012, 251.0279,395.1011, 251.0275,396.6015, 253.6253,3805
14370.8932, 272.8250, 253.3076,271.3251, 255.9057,268.3252, 255.9058,266.8250, 253.3079,268.3247, 250.7097,271.3246, 250.7093,322.5854, 256.4587,319.5855, 256.4589,318.0854, 253.8610,319.5850, 251.2628,322.5850, 251.2624,324.0854, 253.8601,344.5182, 252.7957,343.0182, 255.3937,340.0183, 255.3938,338.5182, 252.7959,340.0178, 250.1978,343.0178, 250.1973,395.0685, 256.4494,392.0685, 256.4496,390.5684, 253.8517,392.0680, 251.2535,395.0680, 251.2531,396.5684, 253.8508,3806
14370.9099, 272.8435, 253.5269,271.3436, 256.1249,268.3437, 256.1251,266.8435, 253.5272,268.3432, 250.9290,271.3431, 250.9286,322.9463, 256.3675,319.9464, 256.3676,318.4462, 253.7697,319.9459, 251.1716,322.9458, 251.1711,324.4462, 253.7689,344.1960, 252.9187,342.6961, 255.5168,339.6962, 255.5169,338.1960, 252.9190,339.6957, 250.3209,342.6956, 250.3204,395.0644, 256.2967,392.0644, 256.2968,390.5643, 253.6989,392.0639, 251.1008,395.0639, 251.1003,396.5643, 253.6981,3807
14370.9265, 272.7598, 253.5088,271.2599, 256.1068,268.2600, 256.1070,266.7598, 253.5091,268.2595, 250.9109,271.2594, 250.9105,322.8452, 256.2981,319.8453, 256.2982,318.3452, 253.7003,319.8448, 251.1021,322.8448, 251.1017,324.3452, 253.6995,344.0111, 252.4699,342.5112, 255.0679,339.5113, 255.0681,338.0111, 252.4702,339.5108, 249.8720,342.5107, 249.8716,394.7657, 256.0632,391.7658, 256.0634,390.2657, 253.4655,391.7653, 250.8673,394.7653, 250.8669,396.2657, 253.4646,3808
14370.9432, 272.1544, 253.2809,270.6544, 255.8790,267.6545, 255.8791,266.1544, 253.2812,267.6541, 250.6831,270.6540, 250.6826,322.4655, 256.3123,319.4655, 256.3124,317.9654, 253.7146,319.4651, 251.1164,322.4650, 251.1160,323.9654, 253.7137,344.1862, 252.5828,342.6862, 255.1809,339.6863, 255.1810,338.1862, 252.5831,339.6859, 249.9849,342.6858, 249.9845,395.0342, 256.6088,392.0343, 256.6089,390.5342, 254.0110,392.0338, 251.4129,395.0338, 251.4124,396.5341, 254.0102,3809
14370.9599, 272.5330, 253.4081,271.0330, 256.0061,268.0331, 256.0063,266.5330, 253.4084,268.0326, 250.8102,271.0325, 250.8098,322.4491, 256.2283,319.4492, 256.2285,317.9490, 253.6306,319.4487, 251.0324,322.4486, 251.0320,323.9490, 253.6297,344.1380, 252.6046,342.6381, 255.2026,339.6382, 255.2028,338.1380, 252.6049,339.6377, 250.0067,342.6376, 250.0063,395.0280, 256.2607,392.0281, 256.2609,390.5279, 253.6630,392.0276, 251.0648,395.0275, 251.0644,396.5279, 253.6621,3810
14370.9766, 272.7845, 253.1645,271.2846, 255.7625,268.2847, 255.7627,266.7845, 253.1648,268.2842, 250.5666,271.2841, 250.5662,322.8387, 256.0540,319.8388, 256.0541,318.3387, 253.4562,319.8383, 250.8580,322.8382, 250.8576,324.3386, 253.4554,344.3658, 252.8302,342.8659, 255.4283,339.8659, 255.4284,338.3658, 252.8305,339.8654, 250.2323,342.8654, 250.2319,395.2365, 256.2856,392.2366, 256.2857,390.7365, 253.6878,392.2361, 251.0896,395.2361, 251.0892,396.7365, 253.6870,3811
14370.9933, 272.5882, 253.4459,271.0883, 256.0439,268.0884, 256.0441,266.5882, 253.4462,268.0879, 250.8480,271.0878, 250.8476,322.8918, 256.1388,319.8919, 256.1389,318.3917, 253.5410,319.8914, 250.9429,322.8913, 250.9425,324.3917, 253.5402,344.0765, 252.8524,342.5765, 255.4504,339.5766, 255.4505,338.0765, 252.8526,339.5761, 250.2545,342.5760, 250.2540,395.2678, 256.3076,392.2679, 256.3078,390.7678, 253.7099,392.2674, 251.1117,395.2673, 251.1113,396.7677, 253.7091,3812
14371.0100, 272.9550, 253.0256,271.4551, 255.6237,268.4552, 255.6238,266.9550, 253.0259,268.4547, 250.4277,271.4546, 250.4273,322.4813, 255.9562,319.4814, 255.9564,317.9812, 253.3585,319.4809, 250.7603,322.4808, 250.7599,323.9812, 253.3577,344.0709, 252.5143,342.5710, 255.1123,339.5711, 255.1125,338.0709, 252.5146,339.5706, 249.9164,342.5705, 249.9160,394.9557, 256.2120,391.9558, 256.2122,390.4557, 253.6143,391.9554, 251.0161,394.9553, 251.0157,396.4557, 253.6134,3813
14371.0267, 272.5224, 253.4354,271.0225, 256.0334,268.0226, 256.0336,266.5224, 253.4357,268.0221, 250.8375,271.0220, 250.8371,322.7367, 256.1462,319.7368, 256.1464,318.2367, 253.5485,319.7363, 250.9503,322.7362, 250.9499,324.2366, 253.5476,344.6011, 252.2863,343.1012, 254.8843,340.1013, 254.8844,338.6012, 252.2865,340.1008, 249.6884,343.1007, 249.6879,395.3377, 256.0070,392.3378, 256.0071,390.8376, 253.4093,392.3373, 250.8111,395.3372, 250.8107,396.8376, 253.4084,3814
14371.0434, 272.7609, 253.4985,271.2610, 256.0965,268.2610, 256.0966,266.7609, 253.4987,268.2606, 250.9006,271.2605, 250.9002,323.0197, 256.1942,320.0197, 256.1943,318.5196, 253.5964,320.0193, 250.9982,323.0192, 250.9978,324.5196, 253.5956,344.3233, 252.7581,342.8234, 255.3561,339.8235, 255.3563,338.3233, 252.7584,339.8230, 250.1602,342.8229, 250.1598,395.1814, 256.2028,392.1815, 256.2029,390.6813, 253.6050,392.1810, 251.0068,395.1809, 251.0064,396.6813, 253.6042,3815
14371.0600, 273.0233, 253.3083,271.5234, 255.9064,268.5235, 255.9065,267.0233, 253.3086,268.5230, 250.7104,271.5229, 250.7100,322.8647, 256.3415,319.8647, 256.3416,318.3646, 253.7438,319.8642, 251.1456,322.8642, 251.1452,324.3646, 253.7429,344.1494, 252.4910,342.6494, 255.0891,339.6495, 255.0892,338.1494, 252.4913,339.6490, 249.8932,342.6490, 249.8927,394.9410, 256.4168,391.9411, 256.4169,390.4409, 253.8190,391.9406, 251.2209,394.9405, 251.2204,396.4409, 253.8182,3816
14371.0767, 272.6611, 253.4882,271.1612, 256.0862,268.1613, 256.0864,266.6611, 253.4885,268.1608, 250.8903,271.1607, 250.8899,322.9630, 255.9716,319.9631, 255.9717,318.4629, 253.3738,319.9626, 250.7756,322.9625, 250.7752,324.4629, 253.3730,344.2105, 252.6683,342.7106, 255.2663,339.7107, 255.2665,338.2105, 252.6686,339.7102, 250.0704,342.7101, 250.0700,395.4454, 256.3023,392.4455, 256.3025,390.9453, 253.7046,392.4450, 251.1064,395.4449, 251.1060,396.9453, 253.7037,3817
14371.0934, 272.8711, 253.0882,271.3712, 255.6862,268.3712, 255.6864,266.8711, 253.0885,268.3708, 250.4903,271.3707, 250.4899,323.1198, 256.2333,320.1198, 256.2334,318.6197, 253.6355,320.1194, 251.0374,323.1193, 251.0370,324.6197, 253.6347,344.3701, 252.8235,342.8701, 255.4216,339.8702, 255.4217,338.3701, 252.8238,339.8698, 250.2256,342.8697, 250.2252,395.5496, 256.4277,392.5497, 256.4278,391.0495, 253.8299,392.5492, 251.2318,395.5491, 251.2314,397.0495, 253.8291,3818
14371.1101, 272.8307, 253.1918,271.3308, 255.7898,268.3309, 255.7899,266.8307, 253.1920,268.3304, 250.5939,271.3303, 250.5935,322.5536, 256.2241,319.5536, 256.2243,318.0535, 253.6264,319.5532, 251.0282,322.5531, 251.0278,324.0535, 253.6255,344.2724, 252.6632,342.7725, 255.2612,339.7726, 255.2613,338.2724, 252.6634,339.7721, 250.0653,342.7720, 250.0648,395.2534, 256.4232,392.2535, 256.4234,390.7534, 253.8255,392.2531, 251.2273,395.2530, 251.2269,396.7534, 253.8246,3819
14371.1268, 272.8047, 253.4383,271.3048, 256.0363,268.3049, 256.0364,266.8048, 253.4386,268.3044, 250.8404,271.3044, 250.8400,322.6259, 256.5158,319.6260, 256.5160,318.1259, 253.9181,319.6255, 251.3199,322.6255, 251.3195,324.1259, 253.9172,344.2300, 252.5997,342.7301, 255.1977,339.7302, 255.1979,338.2300, 252.6000,339.7297, 250.0018,342.7296, 250.0014,395.1307, 256.1580,392.1308, 256.1581,390.6306, 253.5602,392.1303, 250.9621,395.1302, 250.9616,396.6306, 253.5594,3820
14371.1434, 272.9962, 253.2671,271.4962, 255.8651,268.4963, 255.8652,266.9962, 253.2673,268.4958, 250.6692,271.4958, 250.6688,322.8457, 256.2982,319.8458, 256.2984,318.3456, 253.7005,319.8453, 251.1023,322.8452, 251.1019,324.3456, 253.6996,344.6888, 252.7603,343.1889, 255.3584,340.1890, 255.3585,338.6888, 252.7606,340.1885, 250.1624,343.1884, 250.1620,395.4260, 256.5606,392.4261, 256.5607,390.9259, 253.9628,392.4256, 251.3647,395.4255, 251.3643,396.9259, 253.9620,3821
14371.1601, 273.0336, 253.6290,271.5336, 256.2270,268.5337, 256.2271,267.0336, 253.6293,268.5332, 251.0311,271.5331, 251.0307,323.3170, 256.4680,320.3171, 256.4681,318.8170, 253.8702,320.3166, 251.2720,323.3165, 251.2716,324.8169, 253.8694,344.3652, 252.9251,342.8652, 255.5232,339.8653, 255.5233,338.3652, 252.9254,339.8648, 250.3273,342.8647, 250.3268,394.9507, 256.3122,391.9508, 256.3123,390.4507, 253.7144,391.9503, 251.1163,394.9503, 251.1158,396.4507, 253.7136,3822
14371.1768, 272.9826, 253.5128,271.4827, 256.1108,268.4828, 256.1110,266.9826, 253.5131,268.4823, 250.9149,271.4822, 250.9145,322.8996, 256.3920,319.8996, 256.3921,318.3995, 253.7942,319.8991, 251.1960,322.8991, 251.1956,324.3995, 253.7934,344.5388, 252.7925,343.0388, 255.3905,340.0389, 255.3907,338.5388, 252.7928,340.0384, 250.1946,343.0384, 250.1942,395.4310, 256.4893,392.4311, 256.4895,390.9309, 253.8916,392.4306, 251.2934,395.4305, 251.2930,396.9309, 253.8908,3823
14371.1935, 272.7012, 253.4397,271.2013, 256.0377,268.2013, 256.0379,266.7012, 253.4400,268.2008, 250.8418,271.2008, 250.8414,322.9863, 256.0872,319.9864, 256.0874,318.4862, 253.4895,319.9859, 250.8913,322.9858, 250.8909,324.4862, 253.4886,345.0494, 252.6405,343.5495, 255.2385,340.5496, 255.2387,339.0494, 252.6408,340.5491, 250.0426,343.5490, 250.0422,395.7500, 256.3883,392.7501, 256.3884,391.2499, 253.7905,392.7496, 251.1924,395.7495, 251.1920,397.2499, 253.7897,3824
14371.2101, 272.8860, 253.4848,271.3861, 256.0829,268.3862, 256.0830,266.8860, 253.4851,268.3857, 250.8869,271.3856, 250.8865,322.7339, 256.3201,319.7339, 256.3202,318.2338, 253.7223,319.7335, 251.1242,322.7334, 251.1237,324.2338, 253.7215,344.5530, 252.6409,343.0531, 255.2390,340.0532, 255.2391,338.5530, 252.6412,340.0527, 250.0430,343.0526, 250.0426,395.3683, 256.2946,392.3684, 256.2948,390.8683, 253.6969,392.3680, 251.0987,395.3679, 251.0983,396.8683, 253.6961,3825
14371.2268, 272.8538, 253.5634,271.3539, 256.1614,268.3539, 256.1615,266.8538, 253.5636,268.3535, 250.9655,271.3534, 250.9651,323.0304, 256.5214,320.0305, 256.5215,318.5304, 253.9236,320.0300, 251.3255,323.0299, 251.3250,324.5303, 253.9228,344.5328, 253.0844,343.0329, 255.6824,340.0330, 255.6826,338.5328, 253.0847,340.0325, 250.4865,343.0324, 250.4861,395.8502, 256.1521,392.8503, 256.1523,391.3501, 253.5544,392.8498, 250.9562,395.8497, 250.9558,397.3501, 253.5536,3826
14371.2435, 272.8382, 253.3781,271.3383, 255.9761,268.3383, 255.9762,266.8382, 253.3784,268.3379, 250.7802,271.3378, 250.7798,323.0370, 256.0733,320.0371, 256.0734,318.5370, 253.4755,320.0367, 250.8774,323.0366, 250.8770,324.5370, 253.4747,344.4419, 252.8922,342.9420, 255.4902,339.9420, 255.4904,338.4419, 252.8925,339.9415, 250.2943,342.9415, 250.2939,395.5823, 256.4124,392.5824, 256.4125,391.0822, 253.8147,392.5819, 251.2165,395.5818, 251.2161,397.0822, 253.8138,3827
14371.2602, 272.8486, 253.4809,271.3487, 256.0789,268.3487, 256.0791,266.8486, 253.4812,268.3482, 250.8830,271.3482, 250.8826,322.9774, 256.3570,319.9774, 256.3571,318.4773, 253.7593,319.9769, 251.1611,322.9769, 251.1607,324.4773, 253.7584,344.4109, 252.9370,342.9110, 255.5350,339.9111, 255.5352,338.4109, 252.9373,339.9106, 250.3391,342.9105, 250.3387,395.8548, 256.3527,392.8549, 256.3528,391.3547, 253.7549,392.8544, 251.1568,395.8543, 251.1563,397.3547, 253.7541,3828
14371.2769, 273.2034, 253.2267,271.7034, 255.8247,268.7035, 255.8248,267.2034, 253.2270,268.7030, 250.6288,271.7029, 250.6284,322.8451, 256.4092,319.8452, 256.4094,318.3450, 253.8115,319.8447, 251.2133,322.8446, 251.2129,324.3450, 253.8106,344.6056, 252.8112,343.1057, 255.4093,340.1058, 255.4094,338.6056, 252.8115,340.1053, 250.2133,343.1052, 250.2129,395.6205, 256.3420,392.6206, 256.3422,391.1205, 253.7443,392.6201, 251.1461,395.6201, 251.1457,397.1205, 253.7435,3829
14371.2935, 273.2698, 253.3433,271.7699, 255.9414,268.7699, 255.9415,267.2698, 253.3436,268.7694, 250.7454,271.7694, 250.7450,323.1368, 256.1849,320.1369, 256.1851,318.6367, 253.5872,320.1364, 250.9890,323.1363, 250.9886,324.6367, 253.5863,344.7039, 252.7011,343.2040, 255.2991,340.2041, 255.2993,338.7039, 252.7014,340.2036, 250.1032,343.2036, 250.1028,395.6440, 256.4438,392.6441, 256.4440,391.1439, 253.8461,392.6436, 251.2479,395.6435, 251.2475,397.1439, 253.8453,3830
14371.3102, 273.2530, 253.2440,271.7531, 255.8421,268.7531, 255.8422,267.2530, 253.2443,268.7527, 250.6461,271.7526, 250.6457,323.1305, 256.1117,320.1305, 256.1118,318.6304, 253.5139,320.1300, 250.9158,323.1300, 250.9154,324.6304, 253.5131,344.7450, 252.6014,343.2451, 255.1994,340.2451, 255.1996,338.7450, 252.6017,340.2447, 250.0035,343.2446, 250.0031,395.8353, 256.1938,392.8353, 256.1939,391.3352, 253.5960,392.8348, 250.9978,395.8348, 250.9974,397.3352, 253.5952,3831
14371.3269, 273.3790, 253.5245,271.8790, 256.1226,268.8791, 256.1227,267.3790, 253.5248,268.8786, 250.9266,271.8785, 250.9262,323.2664, 256.5152,320.2665, 256.5154,318.7663, 253.9174,320.2660, 251.3193,323.2659, 251.3189,324.7663, 253.9166,345.0247, 252.4944,343.5248, 255.0924,340.5249, 255.0926,339.0247, 252.4947,340.5244, 249.8965,343.5243, 249.8961,395.6063, 256.1228,392.6064, 256.1230,391.1063, 253.5251,392.6059, 250.9269,395.6058, 250.9265,397.1062, 253.5243,3832
14371.3436, 273.3531, 253.6655,271.8532, 256.2635,268.8532, 256.2637,267.3531, 253.6658,268.8528, 251.0676,271.8527, 251.0672,323.4305, 256.6690,320.4305, 256.6691,318.9304, 254.0712,320.4301, 251.4731,323.4300, 251.4726,324.9304, 254.0704,344.8035, 252.4900,343.3036, 255.0880,340.3036, 255.0882,338.8035, 252.4903,340.3032, 249.8921,343.3031, 249.8917,395.8922, 256.1730,392.8922, 256.1732,391.3921, 253.5753,392.8918, 250.9771,395.8917, 250.9767,397.3921, 253.5744,3833
14371.3603, 273.4940, 253.3306,271.9941, 255.9287,268.9942, 255.9288,267.4940, 253.3309,268.9937, 250.7328,271.9936, 250.7323,323.4609, 256.1442,320.4610, 256.1443,318.9608, 253.5464,320.4605, 250.9483,323.4604, 250.9478,324.9608, 253.5456,344.7467, 252.5254,343.2468, 255.1234,340.2469, 255.1235,338.7467, 252.5256,340.2464, 249.9275,343.2463, 249.9270,395.6831, 256.2052,392.6832, 256.2053,391.1830, 253.6074,392.6827, 251.0093,395.6826, 251.0088,397.1830, 253.6066,3834
14371.3769, 273.2033, 253.4533,271.7034, 256.0513,268.7035, 256.0515,267.2033, 253.4536,268.7030, 250.8554,271.7029, 250.8550,323.1916, 256.2788,320.1917, 256.2789,318.6915, 253.6810,320.1912, 251.0829,323.1911, 251.0824,324.6915, 253.6802,344.3987, 252.5813,342.8988, 255.1793,339.8989, 255.1794,338.3988, 252.5816,339.8984, 249.9834,342.8983, 249.9830,395.8507, 256.0423,392.8508, 256.0425,391.3506, 253.4446,392.8503, 250.8464,395.8502, 250.8460,397.3506, 253.4438,3835
14371.3936, 273.4898, 253.3526,271.9899, 255.9506,268.9899, 255.9507,267.4898, 253.3529,268.9894, 250.7547,271.9894, 250.7543,323.2067, 256.2051,320.2067, 256.2052,318.7066, 253.6073,320.2062, 251.0092,323.2062, 251.0087,324.7066, 253.6065,345.0323, 252.2374,343.5324, 254.8354,340.5324, 254.8356,339.0323, 252.2377,340.5320, 249.6395,343.5319, 249.6391,395.8393, 256.2671,392.8394, 256.2672,391.3392, 253.6693,392.8389, 251.0712,395.8388, 251.0707,397.3392, 253.6685,3836
14371.4103, 273.2461, 253.3751,271.7462, 255.9731,268.7462, 255.9732,267.2461, 253.3753,268.7458, 250.7772,271.7457, 250.7767,323.1031, 256.1850,320.1032, 256.1851,318.6031, 253.5872,320.1028, 250.9890,323.1027, 250.9886,324.6031, 253.5864,344.5488, 252.7966,343.0489, 255.3947,340.0490, 255.3948,338.5488, 252.7969,340.0485, 250.1987,343.0484, 250.1983,395.6008, 256.2038,392.6009, 256.2039,391.1007, 253.6061,392.6004, 251.0079,395.6003, 251.0075,397.1007, 253.6052,3837
14371.4270, 273.0800, 253.5163,271.5801, 256.1143,268.5801, 256.1145,267.0800, 253.5166,268.5797, 250.9184,271.5796, 250.9180,323.2126, 256.4459,320.2126, 256.4460,318.7125, 253.8482,320.2122, 251.2500,323.2121, 251.2496,324.7125, 253.8473,344.7215, 252.6207,343.2216, 255.2188,340.2216, 255.2189,338.7215, 252.6210,340.2212, 250.0228,343.2211, 250.0224,395.6472, 256.4158,392.6473, 256.4159,391.1472, 253.8180,392.6468, 251.2198,395.6467, 251.2194,397.1471, 253.8172,3838
14371.4437, 273.0829, 253.3795,271.5830, 255.9775,268.5830, 255.9777,267.0829, 253.3798,268.5826, 250.7816,271.5825, 250.7812,323.2811, 256.1877,320.2811, 256.1878,318.7810, 253.5900,320.2806, 250.9918,323.2806, 250.9914,324.7810, 253.5891,344.6104, 252.7195,343.1104, 255.3175,340.1105, 255.3176,338.6104, 252.7198,340.1100, 250.1216,343.1100, 250.1212,395.8199, 256.5453,392.8199, 256.5455,391.3198, 253.9476,392.8195, 251.3494,395.8194, 251.3490,397.3198, 253.9467,3839
14371.4603, 273.2673, 253.4510,271.7674, 256.0490,268.7675, 256.0492,267.2673, 253.4513,268.7670, 250.8531,271.7669, 250.8527,323.3312, 256.3836,320.3312, 256.3837,318.8311, 253.7858,320.3307, 251.1877,323.3307, 251.1872,324.8311, 253.7850,344.9000, 252.7431,343.4001, 255.3411,340.4001, 255.3412,338.9000, 252.7433,340.3996, 250.1452,343.3996, 250.1447,395.7552, 256.3576,392.7553, 256.3577,391.2552, 253.7598,392.7548, 251.1617,395.7548, 251.1613,397.2552, 253.7590,3840
14371.4770, 273.1124, 253.3583,271.6125, 255.9564,268.6126, 255.9565,267.1125, 253.3586,268.6121, 250.7605,271.6120, 250.7600,323.4540, 256.3928,320.4541, 256.3929,318.9539, 253.7950,320.4536, 251.1969,323.4535, 251.1964,324.9539, 253.7942,344.6127, 252.8290,343.1127, 255.4270,340.1128, 255.4271,338.6127, 252.8293,340.1123, 250.2311,343.1122, 250.2307,395.9961, 256.3375,392.9962, 256.3376,391.4960, 253.7398,392.9957, 251.1416,395.9956, 251.1412,397.4960, 253.7389,3841
14371.4937, 273.5794, 253.3647,272.0795, 255.9627,269.0796, 255.9628,267.5794, 253.3650,269.0791, 250.7668,272.0790, 250.7664,323.0864, 256.3618,320.0865, 256.3619,318.5863, 253.7640,320.0860, 251.1658,323.0859, 251.1654,324.5863, 253.7632,345.1278, 252.7026,343.6279, 255.3006,340.6280, 255.3007,339.1278, 252.7028,340.6275, 250.1047,343.6274, 250.1042,395.5108, 256.3962,392.5109, 256.3963,391.0107, 253.7984,392.5104, 251.2003,395.5103, 251.1999,397.0107, 253.7976,3842
14371.5104, 273.1776, 253.2903,271.6777, 255.8884,268.6778, 255.8885,267.1776, 253.2906,268.6773, 250.6924,271.6772, 250.6920,322.9766, 256.2188,319.9767, 256.2189,318.4765, 253.6210,319.9762, 251.0229,322.9761, 251.0225,324.4765, 253.6202,344.9835, 252.7300,343.4836, 255.3280,340.4836, 255.3282,338.9835, 252.7303,340.4831, 250.1321,343.4831, 250.1317,395.8937, 256.1825,392.8938, 256.1827,391.3936, 253.5848,392.8933, 250.9866,395.8932, 250.9862,397.3936, 253.5839,3843
14371.5271, 273.3600, 253.4978,271.8601, 256.0959,268.8602, 256.0960,267.3600, 253.4981,268.8597, 250.9000,271.8596, 250.8995,323.2866, 256.5482,320.2867, 256.5483,318.7865, 253.9504,320.2862, 251.3522,323.2861, 251.3518,324.7865, 253.9496,345.1124, 252.7563,343.6124, 255.3543,340.6125, 255.3544,339.1124, 252.7565,340.6120, 250.1584,343.6119, 250.1579,396.1675, 256.4959,393.1675, 256.4961,391.6674, 253.8982,393.1671, 251.3000,396.1670, 251.2996,397.6674, 253.8974,3844
14371.5436, 273.2123, 253.6300,271.7123, 256.2280,268.7124, 256.2281,267.2123, 253.6303,268.7119, 251.0321,271.7119, 251.0317,323.3434, 256.7833,320.3435, 256.7834,318.8434, 254.1855,320.3430, 251.5874,323.3430, 251.5870,324.8434, 254.1847,345.0242, 252.8747,343.5243, 255.4727,340.5244, 255.4728,339.0242, 252.8749,340.5239, 250.2768,343.5238, 250.2764,396.0912, 256.4414,393.0912, 256.4415,391.5911, 253.8436,393.0908, 251.2455,396.0907, 251.2450,397.5911, 253.8428,3845
14371.5603, 273.7599, 253.5002,272.2599, 256.0982,269.2600, 256.0984,267.7599, 253.5005,269.2596, 250.9023,272.2595, 250.9019,323.5874, 256.4251,320.5875, 256.4253,319.0873, 253.8274,320.5870, 251.2292,323.5869, 251.2288,325.0873, 253.8266,345.2991, 252.7694,343.7991, 255.3674,340.7992, 255.3676,339.2991, 252.7697,340.7987, 250.1715,343.7986, 250.1711,395.9400, 256.6185,392.9401, 256.6186,391.4400, 254.0207,392.9396, 251.4226,395.9395, 251.4221,397.4399, 254.0199,3846
14371.5770, 273.3383, 253.9407,271.8384, 256.5387,268.8384, 256.5388,267.3383, 253.9409,268.8380, 251.3428,271.8379, 251.3423,323.0194, 256.8108,320.0195, 256.8109,318.5193, 254.2130,320.0190, 251.6149,323.0189, 251.6145,324.5193, 254.2122,344.9924, 252.8091,343.4925, 255.4072,340.4926, 255.4073,338.9924, 252.8094,340.4921, 250.2112,343.4920, 250.2108,395.8314, 256.7149,392.8315, 256.7150,391.3313, 254.1171,392.8310, 251.5190,395.8309, 251.5186,397.3313, 254.1163,3847
14371.5936, 273.2656, 253.4538,271.7657, 256.0518,268.7658, 256.0520,267.2656, 253.4541,268.7653, 250.8559,271.7652, 250.8555,323.2253, 256.6587,320.2253, 256.6588,318.7252, 254.0609,320.2249, 251.4628,323.2248, 251.4623,324.7252, 254.0601,344.9201, 252.6646,343.4202, 255.2626,340.4203, 255.2628,338.9201, 252.6649,340.4198, 250.0667,343.4197, 250.0663,396.2388, 256.5324,393.2389, 256.5326,391.7387, 253.9347,393.2384, 251.3365,396.2383, 251.3361,397.7387, 253.9338,3848
14371.6103, 273.3422, 253.7695,271.8422, 256.3675,268.8423, 256.3676,267.3422, 253.7698,268.8418, 251.1716,271.8417, 251.1712,323.5344, 256.9013,320.5345, 256.9015,319.0343, 254.3036,320.5340, 251.7054,323.5339, 251.7050,325.0343, 254.3027,344.8611, 252.8607,343.3612, 255.4587,340.3613, 255.4589,338.8611, 252.8610,340.3608, 250.2628,343.3607, 250.2624,395.7626, 256.7289,392.7627, 256.7291,391.2625, 254.1312,392.7622, 251.5330,395.7621, 251.5326,397.2625, 254.1304,3849
14371.6270, 273.0646, 253.6078,271.5647, 256.2059,268.5648, 256.2060,267.0646, 253.6081,268.5643, 251.0100,271.5642, 251.0096,322.9603, 256.4570,319.9604, 256.4572,318.4602, 253.8593,319.9599, 251.2611,322.9598, 251.2607,324.4602, 253.8584,344.7438, 252.9735,343.2439, 255.5716,340.2440, 255.5717,338.7439, 252.9738,340.2435, 250.3757,343.2434, 250.3752,395.8452, 256.6893,392.8453, 256.6894,391.3451, 254.0915,392.8448, 251.4934,395.8447, 251.4930,397.3451, 254.0907,3850
14371.6437, 273.0059, 253.7789,271.5060, 256.3769,268.5061, 256.3771,267.0059, 253.7792,268.5056, 251.1810,271.5055, 251.1806,322.9024, 256.5508,319.9025, 256.5509,318.4023, 253.9530,319.9020, 251.3548,322.9019, 251.3544,324.4023, 253.9522,344.7335, 252.8815,343.2336, 255.4796,340.2337, 255.4797,338.7335, 252.8818,340.2332, 250.2836,343.2331, 250.2832,396.1087, 256.5572,393.1088, 256.5574,391.6086, 253.9595,393.1083, 251.3613,396.1082, 251.3609,397.6086, 253.9586,3851
14371.6603, 273.1446, 253.4126,271.6447, 256.0106,268.6448, 256.0107,267.1446, 253.4128,268.6443, 250.8147,271.6442, 250.8143,323.4191, 256.5220,320.4192, 256.5222,318.9190, 253.9243,320.4187, 251.3261,323.4186, 251.3257,324.9190, 253.9234,344.9130, 252.8499,343.4131, 255.4479,340.4132, 255.4480,338.9130, 252.8502,340.4127, 250.2520,343.4126, 250.2516,395.8591, 256.6791,392.8592, 256.6792,391.3590, 254.0813,392.8587, 251.4832,395.8586, 251.4827,397.3590, 254.0805,3852
14371.6770, 273.2521, 253.7917,271.7522, 256.3898,268.7523, 256.3899,267.2521, 253.7920,268.7518, 251.1939,271.7517, 251.1934,323.2565, 256.5475,320.2566, 256.5477,318.7564, 253.9498,320.2561, 251.3516,323.2560, 251.3512,324.7564, 253.9490,345.0331, 252.5751,343.5332, 255.1731,340.5333, 255.1732,339.0332, 252.5754,340.5328, 249.9772,343.5327, 249.9768,395.6150, 256.4496,392.6151, 256.4497,391.1150, 253.8518,392.6146, 251.2536,395.6145, 251.2532,397.1149, 253.8510,3853
14371.6937, 273.5887, 253.4553,272.0888, 256.0533,269.0889, 256.0535,267.5887, 253.4556,269.0884, 250.8574,272.0883, 250.8570,323.5930, 256.7141,320.5930, 256.7142,319.0929, 254.1163,320.5926, 251.5182,323.5925, 251.5177,325.0929, 254.1155,344.8738, 252.8032,343.3739, 255.4012,340.3740, 255.4014,338.8738, 252.8035,340.3735, 250.2053,343.3734, 250.2049,395.8366, 256.7130,392.8367, 256.7131,391.3366, 254.1152,392.8362, 251.5170,395.8362, 251.5166,397.3365, 254.1144,3854
14371.7104, 273.3061, 253.4951,271.8062, 256.0932,268.8062, 256.0933,267.3061, 253.4954,268.8058, 250.8972,271.8057, 250.8968,323.2585, 256.6575,320.2585, 256.6577,318.7584, 254.0598,320.2581, 251.4616,323.2580, 251.4612,324.7584, 254.0590,344.7327, 252.9314,343.2328, 255.5294,340.2329, 255.5296,338.7327, 252.9317,340.2324, 250.3335,343.2323, 250.3331,395.7861, 256.6516,392.7862, 256.6518,391.2860, 254.0539,392.7857, 251.4557,395.7856, 251.4553,397.2860, 254.0530,3855
14371.7270, 273.1882, 253.7556,271.6883, 256.3536,268.6884, 256.3537,267.1882, 253.7558,268.6879, 251.1577,271.6878, 251.1572,323.1036, 256.7966,320.1036, 256.7967,318.6035, 254.1988,320.1031, 251.6006,323.1031, 251.6002,324.6035, 254.1980,344.8393, 252.9676,343.3394, 255.5656,340.3395, 255.5658,338.8393, 252.9679,340.3390, 250.3697,343.3389, 250.3693,395.8662, 256.6933,392.8663, 256.6934,391.3661, 254.0955,392.8658, 251.4974,395.8657, 251.4969,397.3661, 254.0947,3856
14371.7437, 273.0606, 253.7386,271.5607, 256.3366,268.5607, 256.3368,267.0606, 253.7389,268.5602, 251.1407,271.5602, 251.1403,323.2122, 256.7697,320.2122, 256.7698,318.7121, 254.1720,320.2118, 251.5738,323.2117, 251.5734,324.7121, 254.1711,345.0280, 252.5081,343.5281, 255.1062,340.5282, 255.1063,339.0280, 252.5084,340.5277, 249.9102,343.5276, 249.9098,395.8721, 256.4925,392.8722, 256.4927,391.3720, 253.8948,392.8717, 251.2966,395.8716, 251.2962,397.3720, 253.8940,3857
14371.7604, 273.1581, 253.7707,271.6582, 256.3687,268.6583, 256.3688,267.1581, 253.7710,268.6578, 251.1728,271.6577, 251.1724,323.3205, 256.5663,320.3206, 256.5664,318.8204, 253.9685,320.3201, 251.3704,323.3200, 251.3699,324.8204, 253.9677,344.8057, 253.0077,343.3058, 255.6057,340.3059, 255.6059,338.8058, 253.0080,340.3054, 250.4098,343.3053, 250.4094,395.5361, 256.3224,392.5362, 256.3226,391.0361, 253.7247,392.5357, 251.1265,395.5356, 251.1261,397.0360, 253.7238,3858
14371.7771, 273.1698, 253.7296,271.6699, 256.3276,268.6700, 256.3277,267.1698, 253.7298,268.6695, 251.1317,271.6694, 251.1313,323.1978, 256.6739,320.1979, 256.6740,318.6978, 254.0762,320.1974, 251.4780,323.1974, 251.4776,324.6978, 254.0753,345.0522, 252.9420,343.5523, 255.5400,340.5524, 255.5401,339.0522, 252.9422,340.5519, 250.3441,343.5518, 250.3436,395.6352, 256.8727,392.6352, 256.8729,391.1351, 254.2750,392.6347, 251.6768,395.6347, 251.6764,397.1351, 254.2741,3859
14371.7937, 273.5031, 253.2533,272.0032, 255.8513,269.0032, 255.8515,267.5031, 253.2536,269.0027, 250.6554,272.0027, 250.6550,322.9231, 256.4271,319.9232, 256.4272,318.4231, 253.8293,319.9227, 251.2312,322.9226, 251.2307,324.4230, 253.8285,344.6757, 252.7260,343.1758, 255.3241,340.1759, 255.3242,338.6757, 252.7263,340.1754, 250.1282,343.1753, 250.1277,395.4502, 256.4717,392.4503, 256.4719,390.9501, 253.8740,392.4498, 251.2758,395.4497, 251.2754,396.9501, 253.8731,3860
14371.8104, 273.2251, 253.7259,271.7252, 256.3239,268.7253, 256.3241,267.2251, 253.7262,268.7248, 251.1280,271.7247, 251.1276,322.9269, 256.3819,319.9269, 256.3820,318.4268, 253.7841,319.9265, 251.1860,322.9264, 251.1855,324.4268, 253.7833,344.9039, 252.6956,343.4040, 255.2936,340.4041, 255.2938,338.9039, 252.6959,340.4036, 250.0977,343.4035, 250.0973,395.6104, 256.5188,392.6105, 256.5190,391.1104, 253.9211,392.6100, 251.3229,395.6100, 251.3225,397.1104, 253.9202,3861
14371.8271, 273.3151, 253.6305,271.8151, 256.2285,268.8152, 256.2286,267.3151, 253.6307,268.8147, 251.0326,271.8146, 251.0322,323.1641, 256.5640,320.1642, 256.5641,318.6640, 253.9662,320.1637, 251.3681,323.1636, 251.3676,324.6640, 253.9654,344.7285, 252.8773,343.2286, 255.4753,340.2286, 255.4755,338.7285, 252.8776,340.2281, 250.2794,343.2281, 250.2790,395.5278, 256.5563,392.5279, 256.5564,391.0277, 253.9585,392.5274, 251.3604,395.5273, 251.3600,397.0277, 253.9577,3862
14371.8437, 273.1743, 253.3311,271.6743, 255.9291,268.6744, 255.9293,267.1743, 253.3314,268.6739, 250.7332,271.6738, 250.7328,323.0231, 256.5222,320.0232, 256.5224,318.5230, 253.9245,320.0227, 251.3263,323.0226, 251.3259,324.5230, 253.9237,344.9937, 252.8123,343.4937, 255.4104,340.4938, 255.4105,338.9937, 252.8126,340.4933, 250.2144,343.4933, 250.2140,395.7387, 256.5723,392.7388, 256.5724,391.2386, 253.9746,392.7383, 251.3764,395.7383, 251.3760,397.2386, 253.9737,3863
14371.8604, 273.6280, 253.5832,272.1281, 256.1813,269.1281, 256.1814,267.6280, 253.5835,269.1276, 250.9854,272.1276, 250.9849,323.4917, 256.3326,320.4918, 256.3327,318.9916, 253.7348,320.4913, 251.1367,323.4912, 251.1363,324.9916, 253.7340,345.0312, 252.8355,343.5313, 255.4335,340.5314, 255.4337,339.0312, 252.8358,340.5309, 250.2376,343.5308, 250.2372,396.2716, 256.6641,393.2717, 256.6642,391.7715, 254.0664,393.2712, 251.4682,396.2711, 251.4678,397.7715, 254.0655,3864
14371.8771, 273.3379, 253.3888,271.8380, 255.9868,268.8380, 255.9870,267.3379, 253.3891,268.8375, 250.7909,271.8375, 250.7905,323.6844, 256.6353,320.6844, 256.6355,319.1843, 254.0376,320.6840, 251.4394,323.6839, 251.4390,325.1843, 254.0367,344.6711, 252.7535,343.1712, 255.3516,340.1713, 255.3517,338.6712, 252.7538,340.1708, 250.1557,343.1707, 250.1552,396.1038, 256.5967,393.1039, 256.5968,391.6037, 253.9989,393.1034, 251.4008,396.1033, 251.4003,397.6037, 253.9981,3865
14371.8938, 273.7194, 253.5623,272.2194, 256.1603,269.2195, 256.1605,267.7194, 253.5626,269.2190, 250.9644,272.2189, 250.9640,323.2411, 256.5196,320.2412, 256.5197,318.7411, 253.9218,320.2407, 251.3237,323.2406, 251.3233,324.7410, 253.9210,344.9077, 252.7985,343.4078, 255.3965,340.4079, 255.3967,338.9077, 252.7988,340.4074, 250.2006,343.4073, 250.2002,395.8933, 256.4246,392.8933, 256.4247,391.3932, 253.8268,392.8929, 251.2287,395.8928, 251.2282,397.3932, 253.8260,3866
14371.9104, 273.4193, 253.1327,271.9194, 255.7307,268.9195, 255.7308,267.4193, 253.1329,268.9190, 250.5348,271.9189, 250.5343,323.4623, 256.5004,320.4623, 256.5006,318.9622, 253.9027,320.4619, 251.3045,323.4618, 251.3041,324.9622, 253.9019,344.8556, 252.8629,343.3557, 255.4609,340.3557, 255.4610,338.8556, 252.8631,340.3552, 250.2650,343.3552, 250.2646,396.2367, 256.4936,393.2368, 256.4937,391.7366, 253.8958,393.2363, 251.2976,396.2362, 251.2972,397.7366, 253.8950,3867
14371.9271, 273.2032, 253.4950,271.7032, 256.0930,268.7033, 256.0932,267.2032, 253.4953,268.7028, 250.8971,271.7028, 250.8967,323.6260, 256.8201,320.6261, 256.8202,319.1259, 254.2223,320.6256, 251.6241,323.6255, 251.6237,325.1259, 254.2215,345.1023, 252.8307,343.6024, 255.4288,340.6025, 255.4289,339.1023, 252.8310,340.6020, 250.2328,343.6019, 250.2324,396.2605, 256.2131,393.2605, 256.2133,391.7604, 253.6154,393.2600, 251.0172,396.2600, 251.0168,397.7604, 253.6145,3868
14371.9438, 273.5641, 253.7458,272.0642, 256.3438,269.0643, 256.3439,267.5641, 253.7460,269.0638, 251.1479,272.0637, 251.1474,323.5812, 256.8228,320.5813, 256.8229,319.0811, 254.2251,320.5808, 251.6269,323.5807, 251.6265,325.0811, 254.2242,345.0966, 252.7056,343.5967, 255.3036,340.5967, 255.3038,339.0966, 252.7059,340.5963, 250.1077,343.5962, 250.1073,396.1348, 256.6453,393.1349, 256.6454,391.6347, 254.0475,393.1344, 251.4494,396.1343, 251.4489,397.6347, 254.0467,3869
14371.9605, 273.2675, 253.5097,271.7676, 256.1077,268.7677, 256.1079,267.2675, 253.5100,268.7672, 250.9118,271.7671, 250.9114,323.2022, 256.4662,320.2022, 256.4664,318.7021, 253.8685,320.2018, 251.2703,323.2017, 251.2699,324.7021, 253.8676,344.8873, 252.7073,343.3874, 255.3053,340.3875, 255.3054,338.8873, 252.7076,340.3870, 250.1094,343.3869, 250.1090,396.1058, 256.1797,393.1059, 256.1799,391.6057, 253.5820,393.1054, 250.9838,396.1053, 250.9834,397.6057, 253.5812,3870
